1,0,0,0,1,0,0,0,1,0,0,0,0.707107,0,0,-0.707107,0.707107,0,0,-0.707107,1,0,0,0,1,0,0,0,0.707107,0,0,-0.707107,0.707107,0,0,-0.707107,1,0,0,0,1,0,0,0,0.707107,0,0,0.707107,0.707107,0,0,0.707107,0.7,0.6,1.5,0.7,0.6,-1.5,0,5.15,1.5,0,5.15,-1.5,0,13.9,1.5,0,13.9,-1.5,0,19.95,0,0,23.55,0,0,27.75,0,0,26.15,3.8,0,26.15,-3.8,2.38419e-07,20.25,3.8,2.38419e-07,20.25,-3.8,0,32.75,0,0,0,0,0,0,0,0,0,0,0,0,0,0,0,0,0,0,0,0,0,0,0,0,0,0,0,0,0,0,0,0,0,0,0,0,0,0,0,0,0.0311111,19.5476,0,1,1,0,0,0,0,0,0
0.999999,0,0,-0.00172756,1,0,0,9.80579e-05,0.999999,0,0,0.00110486,0.729936,-0.00162943,0.0077022,-0.68347,0.732093,0.00111096,-0.00790536,-0.681158,0.998854,0,0,0.0478707,0.999271,0,0,0.0381672,0.708834,-2.96418e-06,1.57219e-05,-0.705375,0.701,3.68778e-06,-1.83477e-05,-0.713161,0.999995,0,0,-0.00300786,0.999976,0,0,-0.00699745,0.706544,0,0,0.70767,0.711206,0,0,0.702984,0.701455,0.624678,1.49966,0.234843,0.6,-1.49962,0.00617041,5.17435,1.49976,-0.319703,5.17764,-1.49973,-0.0107649,13.9243,1.49992,-0.109063,13.9249,-1.49991,-0.032533,19.9742,0,-0.0263138,23.5742,0,-0.012273,27.7742,0,0.192512,26.1806,3.77115,0.212688,26.1819,-3.7678,0.817378,20.3208,3.71473,0.822755,20.3182,-3.70597,-0.00061843,32.7742,0,0,0,-0.103654,0,0,0.00588347,0,0,0.0662917,-0.107643,0.508819,1.97279,0.0733312,-0.521811,2.16253,0,0,2.87334,0,0,2.29059,-0.000197411,0.00104706,0.146753,0.000246347,-0.00122564,-0.515953,0,0,-0.180472,0,0,-0.41985,0,0,0.0477755,0,0,-0.348812,0.0414192,19.5745,0.000370916,0,1,0,0,0,0,0,0
0.999995,0,0,-0.00325629,1,0,0,0.000181662,0.999998,0,0,0.00204374,0.760958,-0.00342607,0.0190413,-0.648512,0.765992,0.00218551,-0.0195886,-0.642548,0.993204,0,0,0.116387,0.99569,0,0,0.0927433,0.710187,-1.06766e-05,5.66282e-05,-0.704013,0.691901,1.32291e-05,-6.58184e-05,-0.721992,0.999985,0,0,-0.00556551,0.999865,0,0,-0.0164562,0.706014,0,0,0.708198,0.717125,0,0,0.696945,0.716479,0.639629,1.49878,-0.397588,0.6,-1.49867,0.0266307,5.18913,1.49914,-0.743625,5.20908,-1.49907,-0.00189421,13.939,1.49971,-0.230072,13.9428,-1.49968,-0.0407431,19.9888,0,-0.0290205,23.5887,0,-0.00253982,27.7887,0,0.493907,26.2268,3.72149,0.543108,26.235,-3.71296,1.99657,20.5649,3.55985,2.01458,20.5502,-3.53951,0.0196227,32.7886,0,0,0,-0.0917239,0,0,0.00501625,0,0,0.0563325,-0.116047,0.734398,2.80947,0.0690928,-0.754727,3.08828,0,0,4.12572,0,0,3.28202,-0.000513268,0.00272235,0.115153,0.000640502,-0.00318667,-0.760807,0,0,-0.15346,0,0,-0.567564,0,0,0.0449216,0,0,-0.507363,0.0843168,19.6047,0.000892936,0,1,0,0,0,0,0,0
0.999989,0,0,-0.00478993,1,0,0,0.000263704,0.999996,0,0,0.00296319,0.796399,-0.00546489,0.0332777,-0.60383,0.804479,0.00333366,-0.0342923,-0.592982,0.979889,0,0,0.199541,0.987252,0,0,0.159168,0.711441,-2.13636e-05,0.000113311,-0.702746,0.680516,2.63408e-05,-0.000131052,-0.732734,0.999967,0,0,-0.00807123,0.999613,0,0,-0.0278322,0.705463,0,0,0.708746,0.724333,0,0,0.689451,0.739497,0.625532,1.49756,-1.16042,0.6,-1.49747,0.0558315,5.17494,1.49828,-1.24932,5.23453,-1.49821,0.0176416,13.9246,1.49942,-0.365478,13.9364,-1.49938,-0.0370816,19.9742,0,-0.0198381,23.5742,0,0.0191312,27.774,0,0.865112,26.2874,3.6515,0.947992,26.3117,-3.63609,3.35998,21.0807,3.33607,3.40642,21.0411,-3.30183,0.0519479,32.7738,0,0,0,-0.0920196,0,0,0.00492253,0,0,0.0551673,-0.128443,0.901047,3.43355,0.0717448,-0.926549,3.77738,0,0,5.05431,0,0,4.01824,-0.000710678,0.0037694,0.107024,0.000886849,-0.00441231,-0.939159,0,0,-0.150347,0,0,-0.682735,0,0,0.046581,0,0,-0.623882,0.142177,19.6278,0.00153933,0,1,0,0,0,0,0,0
0.999979,0,0,-0.00653225,1,0,0,0.000357076,0.999992,0,0,0.00400978,0.832716,-0.0078155,0.0495862,-0.551419,0.8435,0.0046646,-0.0511582,-0.534667,0.956742,0,0,0.290939,0.972553,0,0,0.232682,0.712873,-3.32505e-05,0.000176359,-0.701293,0.667577,4.07664e-05,-0.000202824,-0.744541,0.99994,0,0,-0.0109233,0.999176,0,0,-0.0405808,0.70484,0,0,0.709367,0.732308,0,0,0.680974,0.764926,0.6,1.49621,-2.01509,0.632436,-1.49627,0.088218,5.14928,1.49732,-1.81372,5.27819,-1.49735,0.0388711,13.8986,1.49909,-0.517639,13.9244,-1.49907,-0.0340001,19.948,0,-0.0104845,23.5479,0,0.0426714,27.7475,0,1.26427,26.3911,3.56332,1.38035,26.443,-3.53979,4.69488,21.9345,3.05898,4.79787,21.8631,-3.00733,0.0875816,32.7473,0,0,0,-0.104541,0,0,0.00560231,0,0,0.062796,-0.144831,1.00877,3.84503,0.0812871,-1.03728,4.22983,0,0,5.65912,0,0,4.49925,-0.000789643,0.00418823,0.122359,0.000985388,-0.00490257,-1.05101,0,0,-0.171132,0,0,-0.765366,0,0,0.0527823,0,0,-0.698361,0.195422,19.6658,0.00231776,0,1,0,0,0,0,0,0
0.999962,0,0,-0.00868698,1,0,0,0.000474669,0.999986,0,0,0.00533008,0.866902,-0.0105421,0.0670345,-0.493839,0.879657,0.00628789,-0.0692042,-0.470505,0.9233,0,0,0.38408,0.951234,0,0,0.308472,0.714754,-4.45642e-05,0.000236367,-0.699376,0.653861,5.43018e-05,-0.000270166,-0.756615,0.999895,0,0,-0.0145199,0.998532,0,0,-0.0541563,0.704088,0,0,0.710112,0.740548,0,0,0.672004,0.787175,0.6,1.49493,-2.92177,0.740977,-1.49531,0.118229,5.14903,1.49641,-2.41354,5.37854,-1.49665,0.0528198,13.8979,1.49877,-0.688894,13.9438,-1.49879,-0.04395,19.9468,0,-0.012678,23.5465,0,0.0580118,27.7459,0,1.64943,26.5752,3.4614,1.79305,26.6657,-3.42933,5.79833,23.1103,2.75961,5.99375,23.0159,-2.68471,0.117747,32.7455,0,0,0,-0.129288,0,0,0.00705558,0,0,0.0792187,-0.165211,1.05756,4.0439,0.0977197,-1.08691,4.44564,0,0,5.94014,0,0,4.72505,-0.000750161,0.00397882,0.161151,0.000936119,-0.00465744,-1.09636,0,0,-0.215815,0,0,-0.815454,0,0,0.0635147,0,0,-0.730812,0.224902,19.7532,0.0032567,0,1,0,0,0,0,0,0
0.999934,0,0,-0.0114578,1,0,0,0.000629375,0.999975,0,0,0.00707064,0.896721,-0.0137038,0.0845953,-0.434221,0.910503,0.00831308,-0.0873427,-0.404087,0.881153,0,0,0.47283,0.924205,0,0,0.381896,0.717353,-5.35306e-05,0.000283923,-0.69671,0.640198,6.48074e-05,-0.000322434,-0.76821,0.999815,0,0,-0.0192592,0.997684,0,0,-0.0680136,0.703155,0,0,0.711036,0.748572,0,0,0.663054,0.80067,0.6,1.49392,-3.8405,0.896498,-1.49473,0.140316,5.14854,1.49569,-3.02608,5.50521,-1.49621,0.0505168,13.8965,1.49852,-0.881686,13.9675,-1.49861,-0.0793827,19.9446,0,-0.0381372,23.5441,0,0.0550821,27.7431,0,1.98264,26.8017,3.35259,2.14429,26.9383,-3.31253,6.53531,24.4378,2.47589,6.85388,24.3495,-2.37035,0.133667,32.7423,0,0,0,-0.16626,0,0,0.00928234,0,0,0.104435,-0.189583,1.04742,4.03018,0.121043,-1.07545,4.42478,0,0,5.89737,0,0,4.69565,-0.000592231,0.00314117,0.223417,0.000739041,-0.00367692,-1.07523,0,0,-0.284396,0,0,-0.833001,0,0,0.0787854,0,0,-0.721221,0.215084,19.8555,0.00436055,0,1,0,0,0,0,0,0
0.999887,0,0,-0.0150485,1,0,0,0.000834085,0.999956,0,0,0.00937799,0.920847,-0.0173555,0.101182,-0.376168,0.934711,0.0108488,-0.104427,-0.339548,0.833888,0,0,0.551933,0.893658,0,0,0.448748,0.720933,-5.8369e-05,0.000309586,-0.693004,0.627468,7.02073e-05,-0.0003493,-0.778643,0.999674,0,0,-0.0255388,0.996664,0,0,-0.0816087,0.701986,0,0,0.712191,0.755925,0,0,0.654658,0.7998,0.6,1.49338,-4.73265,1.08453,-1.49464,0.148899,5.14772,1.49529,-3.62999,5.64682,-1.49612,0.0229786,13.894,1.49837,-1.09868,13.9922,-1.49854,-0.15275,19.9405,0,-0.0985813,23.5397,0,0.0238097,27.7379,0,2.23391,27.0466,3.24547,2.40271,27.2316,-3.19888,6.8752,25.7319,2.23949,7.32851,25.6909,-2.09735,0.12656,32.7366,0,0,0,-0.215457,0,0,0.0122826,0,0,0.138446,-0.217947,0.978352,3.80385,0.151256,-1.00289,4.16729,0,0,5.53083,0,0,4.41104,-0.000315858,0.00167529,0.309144,0.000394155,-0.00196103,-0.987568,0,0,-0.376876,0,0,-0.818006,0,0,0.0985765,0,0,-0.669604,0.156233,19.9591,0.00556404,0,1,0,0,0,0,0,0
0.999807,0,0,-0.0196625,0.999999,0,0,0.00110169,0.999923,0,0,0.0123987,0.938855,-0.0215499,0.115695,-0.323576,0.952062,0.0140024,-0.119304,-0.281334,0.786697,0,0,0.617339,0.862866,0,0,0.505433,0.725748,-5.72833e-05,0.000303828,-0.687961,0.616592,6.8472e-05,-0.000340666,-0.787283,0.99943,0,0,-0.0337561,0.995534,0,0,-0.0944,0.700526,0,0,0.713627,0.762174,0,0,0.647372,0.77894,0.6,1.49351,-5.5622,1.28057,-1.49508,0.13838,5.14646,1.49537,-4.20591,5.78599,-1.4964,-0.0387886,13.8897,1.49839,-1.34285,14.013,-1.49861,-0.276502,19.9333,0,-0.205731,23.5319,0,-0.0458827,27.7289,0,2.38331,27.2782,3.14946,2.55004,27.5075,-3.09827,6.88469,26.8283,2.06592,7.4597,26.8694,-1.88608,0.0876366,32.7267,0,0,0,-0.276881,0,0,0.0160564,0,0,0.181251,-0.250303,0.850356,3.36493,0.18836,-0.869244,3.67313,0,0,4.84049,0,0,3.87122,7.89636e-05,-0.000418826,0.418335,-9.85397e-05,0.000490261,-0.83342,0,0,-0.493254,0,0,-0.77047,0,0,0.122899,0,0,-0.575949,0.044379,20.0495,0.00672833,0,1,0,0,0,0,0,0
0.999675,0,0,-0.0255031,0.999999,0,0,0.00144508,0.999867,0,0,0.0162791,0.951059,-0.0263393,0.127055,-0.280447,0.963231,0.0178807,-0.130861,-0.233968,0.745755,0,0,0.66622,0.83583,0,0,0.548989,0.732035,-4.8449e-05,0.000256971,-0.681268,0.608519,5.75835e-05,-0.000286493,-0.793539,0.999018,0,0,-0.0443068,0.994382,0,0,-0.105849,0.698719,0,0,0.715397,0.766904,0,0,0.641762,0.732397,0.6,1.49452,-6.29625,1.45257,-1.49608,0.103099,5.14466,1.49607,-4.73649,5.90084,-1.4971,-0.143809,13.8826,1.49862,-1.61746,14.0234,-1.49886,-0.463092,19.9211,0,-0.371311,23.5188,0,-0.164082,27.7137,0,2.42006,27.4606,3.07392,2.57967,27.7244,-3.02006,6.68497,27.6206,1.95343,7.35028,27.7542,-1.74162,0.00809527,32.71,0,0,0,-0.350529,0,0,0.0206036,0,0,0.232849,-0.286651,0.66343,2.71339,0.232353,-0.674499,2.94233,0,0,3.82636,0,0,3.07618,0.000592233,-0.00314117,0.55099,-0.000739041,0.00367692,-0.61277,0,0,-0.63353,0,0,-0.690392,0,0,0.151763,0,0,-0.440258,-0.12076,20.1134,0.00768719,0,1,0,0,0,0,0,0
0.999463,0,0,-0.0327734,0.999998,0,0,0.00187716,0.999776,0,0,0.0211656,0.958178,-0.0317769,0.134226,-0.250737,0.969371,0.0225903,-0.13804,-0.201877,0.717491,0,0,0.696568,0.81682,0,0,0.576893,0.740012,-2.99977e-05,0.000159106,-0.672593,0.604204,3.54827e-05,-0.000176536,-0.79683,0.998341,0,0,-0.0575846,0.993317,0,0,-0.115419,0.696508,0,0,0.717549,0.769705,0,0,0.6384,0.654368,0.6,1.49662,-6.90435,1.56444,-1.49768,0.037281,5.14221,1.49756,-5.20579,5.96709,-1.49827,-0.301167,13.8711,1.49913,-1.92592,14.016,-1.4993,-0.724971,19.9009,0,-0.60705,23.497,0,-0.340894,27.6886,0,2.33849,27.5579,3.02788,2.49118,27.8416,-2.97279,6.40019,28.0581,1.89047,7.11796,28.2598,-1.65893,-0.120891,32.6827,0,0,0,-0.436404,0,0,0.0259244,0,0,0.293242,-0.326991,0.417574,1.84927,0.283238,-0.418661,1.97488,0,0,2.48846,0,0,2.02595,0.00122395,-0.00649174,0.707116,-0.00152735,0.00759898,-0.32562,0,0,-0.797705,0,0,-0.577773,0,0,0.185155,0,0,-0.262538,-0.338711,20.1394,0.00829791,0,1,0,0,0,0,0,0
0.999131,0,0,-0.0416756,0.999997,0,0,0.0024108,0.99963,0,0,0.0272043,0.960856,-0.0379136,0.136203,-0.238258,0.971504,0.028236,-0.139819,-0.189299,0.707825,0,0,0.706388,0.809834,0,0,0.58666,0.749871,0,0,-0.661584,0.604576,0,0,-0.796547,0.99726,0,0,-0.0739784,0.992459,0,0,-0.122578,0.693835,0,0,0.720134,0.770159,0,0,0.637851,0.538799,0.600026,1.5,-7.35667,1.58094,-1.5,-0.0650876,5.13902,1.5,-5.59797,5.96082,-1.5,-0.520061,13.8532,1.5,-2.27153,13.9825,-1.5,-1.07459,19.8685,0,-0.924688,23.4622,0,-0.586451,27.6486,0,2.13112,27.5368,3.02023,2.28153,27.8218,-2.96487,6.11941,28.1105,1.86718,6.85221,28.3238,-1.63357,-0.308194,32.639,0,0,0,-0.534504,0,0,0.0320186,0,0,0.362429,-0.371322,0.112789,0.772538,0.341012,-0.101727,0.770765,0,0,0.82676,0,0,0.720499,0.00197411,-0.0104706,0.886699,-0.00246347,0.0122564,0.0280344,0,0,-0.985776,0,0,-0.432611,0,0,0.223081,0,0,-0.0427759,-0.610909,20.1165,0.00844433,1,1,0,0,0,0,0,0
0.99822,0,0,-0.0596386,0.999994,0,0,0.00352076,0.999212,0,0,0.0396923,0.957249,-0.0507949,0.127544,-0.25461,0.967931,0.0407857,-0.130317,-0.210865,0.73582,0,0,0.677178,0.826848,0,0,0.562425,0.770482,-4.73172e-07,-1.74896e-06,-0.637461,0.614406,4.98181e-07,1.93886e-06,-0.78899,0.994166,0,0,-0.107857,0.99197,0,0,-0.126474,0.686522,0,0,0.727109,0.764528,0,0,0.64459,0.265502,0.683061,1.50006,-7.78951,1.4492,-1.50005,-0.322353,5.21053,1.50004,-6.11643,5.85145,-1.50004,-1.03652,13.8801,1.50001,-2.96024,13.937,-1.50001,-1.86994,19.8514,0,-1.65563,23.4386,0,-1.17234,27.6107,0,1.49162,27.3089,3.10138,1.64583,27.5542,-3.04776,5.67957,27.4552,1.9175,6.35019,27.5508,-1.72607,-0.778257,32.5913,0,0,0,-1.07918,0,0,0.0665978,0,0,0.749702,-0.786912,-0.516902,-1.0131,0.763203,0.566061,-1.32181,0,0,-2.42772,0,0,-1.77671,-3.07836e-05,-0.000113783,1.90381,3.44436e-05,0.000134051,0.743952,0,0,-2.04129,0,0,-0.235566,0,0,0.606376,0,0,0.52694,-1.20391,20.038,0.00725014,0,1,0,0,1.65863e-08,0,0,3.31726e-08
0.996638,0,0,-0.0819283,0.999988,0,0,0.00493245,0.998459,0,0,0.0554901,0.944013,-0.0675193,0.107287,-0.304581,0.954593,0.0575633,-0.10862,-0.271367,0.800619,0,0,0.599174,0.867693,0,0,0.4971,0.796126,-7.37091e-05,0.000376618,-0.60513,0.632716,8.61775e-05,-0.000413921,-0.774384,0.988595,0,0,-0.150596,0.992448,0,0,-0.12267,0.675221,0,0,0.737616,0.752053,0,0,0.659102,-0.112521,0.843792,1.49217,-7.97674,1.15504,-1.49423,-0.690579,5.35148,1.4941,-6.56899,5.62514,-1.49568,-1.74653,13.937,1.49773,-3.82457,13.864,-1.49826,-2.93751,19.8247,0,-2.64356,23.4005,0,-1.98105,27.5479,0,0.47751,26.8758,3.28342,0.625638,27.0437,-3.23637,4.97211,25.9251,2.14442,5.46045,25.8351,-2.03893,-1.44515,32.5115,0,0,0,-1.34077,0,0,0.0847022,0,0,0.948953,-1.03662,-1.2035,-3.12568,1.0334,1.28604,-3.74413,0,0,-6.08706,0,0,-4.6238,-0.00471917,0.0243838,2.47617,0.00587975,-0.0285406,1.40536,0,0,-2.58621,0,0,0.230027,0,0,0.925848,0,0,1.1482,-2.00399,19.8791,0.00450749,0,1,0,0,5.52877e-08,0,0,1.10575e-07
0.99423,0,0,-0.107271,0.999979,0,0,0.00654401,0.997294,0,0,0.0735101,0.918985,-0.0857715,0.0796361,-0.37652,0.927676,0.0761259,-0.0791413,-0.356873,0.87704,0,0,0.480417,0.916307,0,0,0.400478,0.823829,-0.000154202,0.000791822,-0.566838,0.656882,0.000180255,-0.000869855,-0.753993,0.97999,0,0,-0.199045,0.993348,0,0,-0.115147,0.662165,0,0,0.749358,0.73531,0,0,0.677731,-0.577594,1.10171,1.48368,-7.96767,0.827064,-1.4867,-1.14513,5.58648,1.4874,-6.94147,5.36822,-1.49013,-2.58376,14.0399,1.49497,-4.78383,13.788,-1.49612,-4.17413,19.796,0,-3.79018,23.3546,0,-2.92504,27.4644,0,-0.850639,26.368,3.53831,-0.739581,26.4482,-3.504,3.53184,23.7487,2.6626,3.74724,23.5499,-2.64654,-2.22874,32.4024,0,0,0,-1.52748,0,0,0.0966949,0,0,1.08347,-1.16143,-1.64858,-4.59799,1.17392,1.75127,-5.411,0,0,-8.48032,0,0,-6.49289,-0.00508692,0.026242,2.83599,0.00633733,-0.0307155,1.89725,0,0,-2.95273,0,0,0.454553,0,0,1.05357,0,0,1.50293,-2.96738,19.6834,0.0014669,0,1,0,0,9.95178e-08,0,0,1.99036e-07
0.990928,0,0,-0.134392,0.999966,0,0,0.00825356,0.995697,0,0,0.0926642,0.881327,-0.103234,0.0489562,-0.458486,0.885339,0.0939962,-0.0465454,-0.45296,0.942419,0,0,0.334435,0.958537,0,0,0.284967,0.850982,-0.000173672,0.000886062,-0.525194,0.684319,0.000203145,-0.000974361,-0.729182,0.968233,0,0,-0.250049,0.994163,0,0,-0.107893,0.649717,0,0,0.760176,0.717081,0,0,0.69699,-1.11086,1.48272,1.482,-7.82367,0.6,-1.48371,-1.66073,5.94662,1.48577,-7.22797,5.18342,-1.48798,-3.48153,14.2208,1.4941,-5.75884,13.7574,-1.49538,-5.47665,19.7984,0,-4.99723,23.3334,0,-3.91686,27.3919,0,-2.39114,25.9454,3.82678,-2.35253,25.9601,-3.80876,1.02376,21.5675,3.48501,0.977666,21.3963,-3.51601,-3.04906,32.2948,0,0,0,-1.63929,0,0,0.102576,0,0,1.15325,-1.16136,-1.85215,-5.43001,1.18476,1.96177,-6.32241,0,0,-9.60749,0,0,-7.38399,-0.00113404,0.0054607,2.98322,0.00140721,-0.0063904,2.21965,0,0,-3.14085,0,0,0.438014,0,0,0.989538,0,0,1.59109,-4.03824,19.5365,-0.000394705,0,1,0,0,1.3269e-07,0,0,2.65381e-07
0.986788,0,0,-0.162019,0.99995,0,0,0.00995925,0.993723,0,0,0.111868,0.833675,-0.117796,0.0195888,-0.53919,0.83054,0.108925,-0.0155112,-0.545984,0.983266,0,0,0.182173,0.986029,0,0,0.166573,0.875508,-6.11843e-05,0.000287648,-0.483204,0.712611,7.13978e-05,-0.000316951,-0.70156,0.953775,0,0,-0.300523,0.994482,0,0,-0.104903,0.640372,0,0,0.768065,0.700473,0,0,0.713679,-1.68635,2.02973,1.49437,-7.62009,0.6,-1.49441,-2.20561,6.48002,1.49543,-7.43419,5.1875,-1.49588,-4.36995,14.5401,1.49802,-6.67238,13.8558,-1.49844,-6.74192,19.9053,0,-6.16636,23.4108,0,-4.86883,27.4051,0,-3.9824,25.7711,4.10198,-4.03295,25.7647,-4.09817,-2.31939,20.2224,4.43142,-2.53016,20.1555,-4.45846,-3.8258,32.2638,0,0,0,-1.67622,0,0,0.102346,0,0,1.15831,-1.03639,-1.81422,-5.62176,1.06593,1.91752,-6.47836,0,0,-9.46856,0,0,-7.29711,0.00713951,-0.0379599,2.91791,-0.00891065,0.0444346,2.37252,0,0,-3.15057,0,0,0.180408,0,0,0.733759,0,0,1.41273,-5.12546,19.5607,-0.000636228,0,1,0,0,1.38219e-07,0,0,2.76438e-07
0.981997,0,0,-0.188899,0.999933,0,0,0.0115592,0.991508,0,0,0.130044,0.782721,-0.127763,-0.00447178,-0.609101,0.77166,0.119163,0.00971027,-0.624697,0.998809,0,0,0.0487843,0.997986,0,0,0.0634398,0.895914,0.000255777,-0.00138337,-0.444226,0.7396,-0.000301861,0.00152968,-0.673045,0.937668,0,0,-0.347533,0.993912,0,0,-0.110177,0.636701,0,0,0.771111,0.68887,0,0,0.724885,-2.26594,2.46838,1.52735,-7.43719,0.6,-1.52968,-2.73597,6.91738,1.52265,-7.57315,5.16778,-1.52195,-5.17309,14.7518,1.51002,-7.44841,13.8636,-1.50826,-7.86678,19.8939,0,-7.19899,23.3654,0,-5.69256,27.2857,0,-5.42498,25.6409,4.32045,-5.55135,25.6559,-4.32438,-5.7052,19.8248,5.22676,-5.98656,19.8539,-5.2289,-4.47764,32.0932,0,0,0,-1.63825,0,0,0.0960039,0,0,1.09862,-0.786542,-1.53476,-5.17323,0.817425,1.61854,-5.87886,0,0,-8.06356,0,0,-6.23223,0.0197337,-0.10402,2.64004,-0.0246162,0.12176,2.35591,0,0,-2.9819,0,0,-0.318262,0,0,0.28622,0,0,0.96782,-6.10579,19.5465,-5.10216e-05,0,1,0,0,9.95178e-08,0,0,1.99036e-07
0.976877,0,0,-0.213801,0.999916,0,0,0.0129516,0.989266,0,0,0.146125,0.738374,-0.131907,-0.0197936,-0.66107,0.721204,0.123537,0.0255915,-0.681137,0.999157,0,0,-0.041059,0.99998,0,0,-0.00634027,0.911241,0.000849777,-0.00450718,-0.411849,0.763438,-0.00100534,0.00500181,-0.645862,0.921507,0,0,-0.388361,0.991815,0,0,-0.127685,0.641227,0,0,0.767351,0.685767,0,0,0.727821,-2.79775,2.78077,1.58644,-7.35109,0.600002,-1.59925,-3.19366,7.24528,1.57325,-7.65838,5.15366,-1.57407,-5.80786,14.873,1.53344,-8.01081,13.8248,-1.52821,-8.74807,19.8132,0,-7.99618,23.2486,0,-6.2986,27.0899,0,-6.52431,25.5467,4.45161,-6.69079,25.6002,-4.45665,-8.30825,20.0659,5.68853,-8.60791,20.1545,-5.67222,-4.92175,31.8422,0,0,0,-1.52539,0,0,0.0835504,0,0,0.974206,-0.4118,-1.0138,-4.08442,0.439242,1.06482,-4.52388,0,0,-5.39245,0,0,-4.18937,0.0366485,-0.19272,2.14961,-0.0457095,0.225585,2.16978,0,0,-2.63482,0,0,-1.058,0,0,-0.353072,0,0,0.256355,-6.85371,19.5089,0.000426261,1,1,0,0,-2.6112e-13,0,0,-5.22241e-13
0.970943,0,0,-0.239312,0.9999,0,0,0.0141658,0.98687,0,0,0.161516,0.700524,-0.129765,-0.0273188,-0.701199,0.680055,0.121774,0.0331888,-0.722215,0.99596,0,0,-0.0898031,0.998984,0,0,-0.0450741,0.922827,0.00182733,-0.00978373,-0.385087,0.78659,-0.00217308,0.0109079,-0.617375,0.904681,0,0,-0.426089,0.986852,0,0,-0.161626,0.661132,0,0,0.750269,0.696673,0,0,0.717389,-3.31662,3.26264,1.68177,-7.3518,0.875482,-1.717,-3.59259,7.77277,1.65762,-7.67223,5.44821,-1.66468,-6.2918,15.2141,1.57409,-8.36446,14.0548,-1.56442,-9.42116,19.9771,0,-8.58467,23.3709,0,-6.69351,27.1206,0,-7.31839,25.733,4.50482,-7.49084,25.8213,-4.50731,-10.1745,20.7805,5.86405,-10.4607,20.907,-5.8376,-5.14579,31.8077,0,0,0,-1.57163,0,0,0.0728588,0,0,0.934637,0.0160074,-0.521858,-3.31825,0.012998,0.538958,-3.49278,0,0,-2.93122,0,0,-2.32495,0.0599993,-0.32388,1.75043,-0.0749538,0.379141,2.20409,0,0,-2.4788,0,0,-2.05824,0,0,-1.5738,0,0,-0.905521,-7.38636,19.7243,0.000398085,0,1,0,0,8.95024e-07,0,0,1.79005e-06
0.964283,0,0,-0.264876,0.999885,0,0,0.0151736,0.984377,0,0,0.176076,0.66679,-0.122522,-0.0296024,-0.734508,0.645445,0.115121,0.035225,-0.754259,0.993855,0,0,-0.110687,0.998018,0,0,-0.0629236,0.931311,0.00308987,-0.0167354,-0.363826,0.809097,-0.00369689,0.0187592,-0.587365,0.887749,0,0,-0.460329,0.97829,0,0,-0.207242,0.694546,0,0,0.719449,0.719613,0,0,0.694375,-3.82163,3.80604,1.79921,-7.3824,1.32206,-1.86669,-3.93325,8.38486,1.76606,-7.59957,5.9429,-1.78491,-6.64176,15.6642,1.62871,-8.53478,14.4501,-1.61576,-9.91121,20.2803,0,-8.99173,23.6277,0,-6.90944,27.2746,0,-7.86772,26.0778,4.50228,-8.02397,26.1889,-4.50123,-11.5094,21.6848,5.85383,-11.7598,21.8331,-5.82181,-5.18682,31.8874,0,0,0,-1.58505,0,0,0.0604738,0,0,0.886322,0.375119,-0.178868,-2.87783,-0.341059,0.169874,-2.85921,0,0,-1.2594,0,0,-1.07255,0.0772069,-0.425159,1.37503,-0.0965709,0.497727,2.25421,0,0,-2.29198,0,0,-2.785,0,0,-2.72769,0,0,-1.94978,-7.73762,20.0759,-0.000355805,0,1,0,0,3.09768e-06,0,0,6.19536e-06
0.957003,0,0,-0.290078,0.999871,0,0,0.0160806,0.98181,0,0,0.189864,0.635843,-0.111775,-0.0282455,-0.763159,0.615608,0.10512,0.0334157,-0.780295,0.993777,0,0,-0.111386,0.997849,0,0,-0.0655551,0.937735,0.004578,-0.0248972,-0.346428,0.830785,-0.00551001,0.0280674,-0.555857,0.870633,0,0,-0.491933,0.965395,0,0,-0.26079,0.732745,0,0,0.680504,0.747388,0,0,0.664388,-4.31436,4.34581,1.92465,-7.44065,1.86249,-2.02843,-4.22549,8.99575,1.88875,-7.46886,6.53916,-1.92366,-6.89316,16.1292,1.69367,-8.57643,14.91,-1.68027,-10.2696,20.6214,0,-9.27024,23.9185,0,-7.00327,27.4535,0,-8.24001,26.4734,4.46088,-8.36773,26.5925,-4.45661,-12.4706,22.6152,5.72472,-12.6711,22.7686,-5.68977,-5.10721,31.9841,0,0,0,-1.57396,0,0,0.0544284,0,0,0.841466,0.633656,0.0681346,-2.58098,-0.595948,-0.0959082,-2.42271,0,0,-0.0422077,0,0,-0.158217,0.0907696,-0.497863,1.1154,-0.113507,0.582834,2.30109,0,0,-2.1566,0,0,-3.30515,0,0,-3.27348,0,0,-2.45259,-7.96123,20.4626,-0.00180301,0,1,0,0,5.44626e-06,0,0,1.08925e-05
0.949252,0,0,-0.314517,0.999856,0,0,0.0169926,0.979191,0,0,0.202938,0.605926,-0.0990166,-0.024746,-0.788947,0.588179,0.0931887,0.0293447,-0.802808,0.995043,0,0,-0.099447,0.998281,0,0,-0.0586012,0.942947,0.00623227,-0.0338025,-0.331165,0.851502,-0.00754248,0.0383232,-0.522895,0.853123,0,0,-0.521709,0.947921,0,0,-0.318505,0.768098,0,0,0.640332,0.773506,0,0,0.633789,-4.79352,4.8188,2.04584,-7.51847,2.41805,-2.18338,-4.48389,9.52454,2.01674,-7.30795,7.13791,-2.0699,-7.08383,16.5179,1.76531,-8.54408,15.3337,-1.75533,-10.5477,20.8989,0,-9.4729,24.1428,0,-7.03133,27.5595,0,-8.5009,26.8212,4.39592,-8.59592,26.9348,-4.38926,-13.1923,23.478,5.52797,-13.3378,23.6198,-5.49205,-4.96838,32.0026,0,0,0,-1.53837,0,0,0.0547235,0,0,0.800067,0.79162,0.219152,-2.4277,-0.751666,-0.258388,-2.1833,0,0,0.720367,0,0,0.418043,0.100688,-0.541992,0.971525,-0.125762,0.634462,2.34473,0,0,-2.07265,0,0,-3.61868,0,0,-3.21119,0,0,-2.41398,-8.1096,20.7885,-0.00378719,0,1,0,0,6.77906e-06,0,0,1.35581e-05
0.941216,0,0,-0.337806,0.999838,0,0,0.0180151,0.976535,0,0,0.215359,0.575044,-0.08568,-0.0205306,-0.813364,0.560467,0.0806868,0.0245159,-0.823872,0.996601,0,0,-0.0823795,0.998863,0,0,-0.0476794,0.947667,0.00799382,-0.0429869,-0.316252,0.871114,-0.00972133,0.0489974,-0.488534,0.834895,0,0,-0.55041,0.92633,0,0,-0.376713,0.794518,0,0,0.607241,0.792514,0,0,0.609854,-5.25357,5.15795,2.15373,-7.60012,2.89836,-2.31818,-4.72657,9.89288,2.14229,-7.14428,7.6359,-2.21434,-7.25333,16.7411,1.84006,-8.49223,15.6197,-1.8376,-10.7968,21.0115,0,-9.65222,24.2007,0,-7.04921,27.496,0,-8.71243,27.0282,4.32157,-8.77673,27.1273,-4.31338,-13.781,24.2148,5.30612,-13.8756,24.3316,-5.27083,-4.83072,31.849,0,0,0,-1.47827,0,0,0.0613585,0,0,0.762125,0.849009,0.274182,-2.41801,-0.808215,-0.317565,-2.14097,0,0,1.02832,0,0,0.656238,0.106961,-0.557547,0.943412,-0.133335,0.65261,2.38514,0,0,-2.04012,0,0,-3.7256,0,0,-2.54079,0,0,-1.83392,-8.23311,20.9603,-0.00614299,0,1,0,0,5.93438e-06,0,0,1.18688e-05
0.933116,0,0,-0.359575,0.999815,0,0,0.0192538,0.973851,0,0,0.227186,0.541069,-0.0731587,-0.0169672,-0.837618,0.529588,0.0689488,0.0203796,-0.845202,0.997704,0,0,-0.067727,0.999262,0,0,-0.0384154,0.952514,0.00980454,-0.0519893,-0.299864,0.889518,-0.0119709,0.059544,-0.452845,0.815518,0,0,-0.578732,0.901887,0,0,-0.431971,0.807116,0,0,0.590393,0.799699,0,0,0.600401,-5.68784,5.2904,2.2433,-7.6657,3.19731,-2.42826,-4.97489,10.0239,2.25902,-7.00542,7.92435,-2.35054,-7.4427,16.7111,1.91457,-8.47504,15.6663,-1.92315,-11.0684,20.8577,0,-9.86051,23.9922,0,-7.1118,27.1668,0,-8.93232,27.0054,4.25094,-8.97189,27.0866,-4.24204,-14.3181,24.7853,5.09739,-14.3725,24.8693,-5.06394,-4.75339,31.4307,0,0,0,-1.39365,0,0,0.0743338,0,0,0.727641,0.805824,0.233225,-2.55187,-0.765594,-0.273439,-2.29572,0,0,0.881645,0,0,0.556358,0.109589,-0.544526,1.03105,-0.136228,0.637278,2.42231,0,0,-2.05905,0,0,-3.62591,0,0,-1.2623,0,0,-0.712434,-8.38023,20.886,-0.00880485,1,1,0,0,1.75051e-06,0,0,3.50102e-06
0.924709,0,0,-0.380676,0.999786,0,0,0.0206973,0.971013,0,0,0.239028,0.497931,-0.0620636,-0.014851,-0.864865,0.488937,0.0585751,0.0177777,-0.870169,0.998143,0,0,-0.0609123,0.999389,0,0,-0.0349648,0.957986,0.0116987,-0.0606441,-0.280085,0.907066,-0.0143253,0.0697497,-0.414923,0.794128,0,0,-0.607751,0.875521,0,0,-0.483179,0.801118,0,0,0.598506,0.790221,0,0,0.612822,-6.09165,5.12695,2.31516,-7.69271,3.19765,-2.51886,-5.24662,9.82746,2.36493,-6.90392,7.88799,-2.47803,-7.68308,16.3246,1.98789,-8.52771,15.3605,-2.01018,-11.4021,20.319,0,-10.1348,23.3973,0,-7.24983,26.4485,0,-9.19858,26.6696,4.19086,-9.21965,26.7348,-4.18184,-14.8589,25.2173,4.92091,-14.8863,25.2665,-4.89004,-4.76144,30.6217,0,0,0,-1.36284,0,0,0.0866312,0,0,0.730659,0.707884,0.130991,-3.09854,-0.668478,-0.163732,-2.89657,0,0,0.409733,0,0,0.20717,0.114157,-0.520785,1.23768,-0.14124,0.609325,2.52128,0,0,-2.16318,0,0,-3.45631,0,0,0.6054,0,0,0.937443,-8.58207,20.4607,-0.0118547,0,1,0,0,-7.497e-06,0,0,-1.4994e-05
0.913719,0,0,-0.406346,0.999761,0,0,0.0218619,0.967376,0,0,0.253343,0.427093,-0.0495259,-0.012209,-0.902768,0.421071,0.0468211,0.0145755,-0.905701,0.998547,0,0,-0.0538939,0.999492,0,0,-0.0318849,0.963969,0.0140763,-0.0701893,-0.256201,0.925255,-0.0172713,0.0810646,-0.370181,0.768825,0,0,-0.639459,0.84263,0,0,-0.538493,0.77547,0,0,0.631385,0.762592,0,0,0.646879,-6.46264,4.59319,2.37956,-7.67312,2.8841,-2.59588,-5.52162,9.22717,2.47371,-6.78936,7.50626,-2.61023,-7.93606,15.4939,2.07008,-8.58616,14.64,-2.11065,-11.7578,19.3009,0,-10.4211,22.3064,0,-7.37409,25.1957,0,-9.40457,26.027,4.11952,-9.40915,26.0707,-4.11068,-15.2609,25.7809,4.71295,-15.2712,25.7864,-4.6852,-4.72522,29.2478,0,0,0,-1.67545,0,0,0.0698923,0,0,0.886193,0.794888,0.163369,-4.85898,-0.751388,-0.200603,-4.63177,0,0,0.421796,0,0,0.184898,0.142949,-0.572199,1.48509,-0.175721,0.669163,2.91511,0,0,-2.43417,0,0,-3.86192,0,0,2.50214,0,0,2.6315,-8.77048,19.6118,-0.0153538,0,1,0,0,-2.45113e-05,0,0,-4.90227e-05
0.901164,0,0,-0.433478,0.999736,0,0,0.0229562,0.963281,0,0,0.268496,0.340033,-0.0365081,-0.00912808,-0.93966,0.337687,0.0345836,0.0108988,-0.94056,0.999008,0,0,-0.0445251,0.999629,0,0,-0.0272292,0.969643,0.0167411,-0.0802834,-0.230361,0.942186,-0.0205759,0.093074,-0.321248,0.740947,0,0,-0.671564,0.803868,0,0,-0.594808,0.734039,0,0,0.679108,0.720417,0,0,0.693541,-6.8142,3.80967,2.43527,-7.66227,2.38706,-2.65435,-5.80126,8.34902,2.58217,-6.70173,6.91359,-2.74184,-8.19209,14.3613,2.15851,-8.65809,13.6504,-2.22164,-12.1121,17.9616,0,-10.7056,20.885,0,-7.49471,23.5908,0,-9.44393,25.1421,4.03942,-9.44186,25.1586,-4.03173,-15.2078,26.2927,4.48189,-15.2223,26.2485,-4.45912,-4.67928,27.5046,0,0,0,-1.79384,0,0,0.0656705,0,0,0.941799,0.861339,0.202322,-5.70851,-0.815493,-0.243483,-5.45507,0,0,0.562814,0,0,0.279469,0.159882,-0.60367,1.59616,-0.196016,0.705804,3.12623,0,0,-2.55133,0,0,-4.10269,0,0,3.79251,0,0,3.77445,-8.92367,18.472,-0.0191379,0,1,0,0,-4.64483e-05,0,0,-9.28966e-05
0.88905,0,0,-0.45781,0.999705,0,0,0.0243048,0.959343,0,0,0.282244,0.255762,-0.0243947,-0.0060782,-0.966413,0.257545,0.0231637,0.00728154,-0.965961,0.999476,0,0,-0.0323799,0.999796,0,0,-0.0201924,0.974387,0.0193931,-0.090275,-0.205045,0.956186,-0.0238725,0.10498,-0.272245,0.712704,0,0,-0.701465,0.762043,0,0,-0.647526,0.68179,0,0,0.731548,0.668523,0,0,0.743692,-7.15527,2.91276,2.48124,-7.70439,1.82322,-2.69263,-6.08519,7.33739,2.68478,-6.67807,6.23437,-2.86512,-8.4462,13.0937,2.24748,-8.75729,12.5484,-2.33555,-12.449,16.488,0,-10.9834,19.3333,0,-7.63412,21.8655,0,-9.34008,24.0575,3.96083,-9.34466,24.0469,-3.9552,-14.7301,26.4311,4.25721,-14.7714,26.3415,-4.24102,-4.67669,25.6488,0,0,0,-1.63088,0,0,0.08094,0,0,0.858048,0.864012,0.217753,-5.33114,-0.818794,-0.25953,-5.06846,0,0,0.729258,0,0,0.422323,0.15887,-0.596872,1.55439,-0.194731,0.697842,3.07761,0,0,-2.46803,0,0,-4.03844,0,0,4.44264,0,0,4.331,-9.05443,17.1914,-0.0228662,0,1,0,0,-6.97213e-05,0,0,-0.000139443
0.879823,0,0,-0.475301,0.999656,0,0,0.0262325,0.956302,0,0,0.29238,0.195547,-0.014082,-0.00339435,-0.980587,0.201499,0.0134068,0.00410189,-0.979388,0.999855,0,0,-0.0170326,0.99995,0,0,-0.00996929,0.977862,0.0217305,-0.0995095,-0.18279,0.966461,-0.0267883,0.115981,-0.227559,0.686701,0,0,-0.72694,0.721046,0,0,-0.692887,0.625677,0,0,0.780083,0.613539,0,0,0.789665,-7.4846,2.02947,2.5187,-7.81677,1.28596,-2.71396,-6.36479,6.33224,2.77707,-6.72986,5.57422,-2.97374,-8.68874,11.8563,2.33068,-8.88389,11.4814,-2.44336,-12.7527,15.0671,0,-11.2467,17.8536,0,-7.80531,20.2588,0,-9.25061,22.8619,3.89262,-9.27059,22.8287,-3.88932,-14.2458,25.9955,4.06325,-14.3238,25.8692,-4.05386,-4.75626,23.9494,0,0,0,-1.18656,0,0,0.115701,0,0,0.63494,0.802905,0.209663,-3.72691,-0.761288,-0.248742,-3.47202,0,0,0.921126,0,0,0.613461,0.139913,-0.551802,1.35977,-0.171865,0.645277,2.76927,0,0,-2.18428,0,0,-3.66913,0,0,4.45246,0,0,4.30118,-9.19862,15.9291,-0.0261513,0,1,0,0,-9.07438e-05,0,0,-0.000181488
0.876146,0,0,-0.482045,0.999578,0,0,0.029064,0.954965,0,0,0.29672,0.181005,-0.00596907,-0.00126624,-0.983463,0.190732,0.00570026,0.00157323,-0.981624,0.999998,0,0,0.00194016,0.999991,0,0,0.00424522,0.979959,0.0234512,-0.107335,-0.16616,0.972992,-0.0289519,0.12529,-0.191706,0.66583,0,0,-0.746103,0.685578,0,0,-0.727999,0.57475,0,0,0.818329,0.563915,0,0,0.825833,-7.78971,1.27905,2.55092,-7.98862,0.853607,-2.72563,-6.62449,5.47091,2.85543,-6.84355,5.02837,-3.06312,-8.90607,10.8135,2.40146,-9.02465,10.5927,-2.53557,-13.0072,13.886,0,-11.4861,16.6491,0,-8.01604,19.0121,0,-9.38578,21.7097,3.83904,-9.4202,21.6565,-3.83773,-14.3132,24.9539,3.91102,-14.4175,24.792,-3.90732,-4.94915,22.6795,0,0,0,-0.460889,0,0,0.169952,0,0,0.272475,0.678018,0.178051,-0.895793,-0.642976,-0.211118,-0.665674,0,0,1.13842,0,0,0.852881,0.10301,-0.468461,1.01231,-0.127418,0.548105,2.20118,0,0,-1.70009,0,0,-2.99478,0,0,3.82203,0,0,3.68495,-9.39731,14.8572,-0.0286806,0,1,0,0,-0.000105929,0,0,-0.000211858
0.880498,0,0,-0.47405,0.999451,0,0,0.0331236,0.956092,0,0,0.293067,0.232588,-0.000198805,0.000189677,-0.972575,0.245247,0.000202256,-0.000171821,-0.969461,0.999689,0,0,0.0249564,0.99973,0,0,0.0232529,0.980685,0.0242545,-0.113105,-0.157722,0.97622,-0.0299985,0.132145,-0.169208,0.653108,0,0,-0.757265,0.660743,0,0,-0.750612,0.539444,0,0,0.842022,0.529275,0,0,0.84845,-8.05021,0.777214,2.58278,-8.1896,0.6,-2.73748,-6.84551,4.89016,2.9169,-6.98941,4.69043,-3.13016,-9.08256,10.1295,2.45314,-9.15756,10.0252,-2.60295,-13.1966,13.1315,0,-11.6934,15.9222,0,-8.27855,18.3635,0,-9.88218,20.729,3.80096,-9.91767,20.6535,-3.80099,-15.2449,23.1846,3.80265,-15.3391,22.977,-3.80275,-5.29399,22.1052,0,0,0,0.54613,0,0,0.243695,0,0,-0.229347,0.489354,0.122918,3.16218,-0.46386,-0.146661,3.3505,0,0,1.38113,0,0,1.14058,0.048163,-0.346852,0.512022,-0.0613899,0.406335,1.37336,0,0,-1.01546,0,0,-2.0154,0,0,2.55132,0,0,2.48237,-9.67101,14.1387,-0.0302698,1,1,0,0,-0.000111691,0,0,-0.000223381
0.893994,0,0,-0.448079,0.999247,0,0,0.0387868,0.960171,0,0,0.279412,0.356363,0.00309324,0.000963845,-0.934342,0.371413,-0.00293817,-0.001111,-0.928463,0.998493,0,0,0.0548758,0.998779,0,0,0.0494009,0.980656,0.0240782,-0.116632,-0.155342,0.977306,-0.0298283,0.136379,-0.159322,0.64723,0,0,-0.762295,0.646726,0,0,-0.762722,0.518618,0,0,0.855006,0.508493,0,0,0.861066,-8.24822,0.62816,2.61526,-8.39173,0.6,-2.7539,-6.99657,4.6879,2.96087,-7.12209,4.62848,-3.17547,-9.17239,9.89603,2.48466,-9.22819,9.8551,-2.64393,-13.2724,12.8963,0,-11.8167,15.7666,0,-8.55637,18.4094,0,-10.5215,19.865,3.7793,-10.533,19.7622,-3.7799,-16.395,20.3204,3.74137,-16.4184,20.0572,-3.74296,-5.76498,22.3218,0,0,0,1.7562,0,0,0.340012,0,0,-0.855102,0.256025,0.0590367,7.77851,-0.242559,-0.0713866,7.96572,0,0,1.79666,0,0,1.56996,-0.0106291,-0.213071,0.143631,0.0109577,0.253009,0.601432,0,0,-0.464215,0,0,-1.1114,0,0,1.47256,0,0,1.4587,-9.92973,13.8282,-0.030996,0,0.999997,0,0,-0.00236902,0,0,-0.00473804
0.914436,0,0,-0.40473,0.998927,0,0,0.0463173,0.9666,0,0,0.256289,0.534378,0.00476908,0.00134294,-0.845231,0.551169,-0.0045375,-0.00157447,-0.83438,0.99553,0,0,0.0944429,0.996413,0,0,0.0846187,0.98036,0.0232008,-0.118877,-0.15564,0.977402,-0.0287777,0.139149,-0.156507,0.64466,0,0,-0.764469,0.63844,0,0,-0.769672,0.50177,0,0,0.865001,0.491672,0,0,0.87078,-8.41006,0.6,2.65128,-8.60115,0.65717,-2.77566,-7.09622,4.60933,2.99658,-7.23762,4.6228,-3.20993,-9.18516,9.82722,2.50509,-9.23434,9.81343,-2.67035,-13.2478,12.8721,0,-11.8696,15.8617,0,-8.87254,18.7978,0,-10.7564,18.8001,3.76961,-10.7076,18.6818,-3.77022,-16.0242,16.2022,3.71547,-15.897,15.9197,-3.71674,-6.38887,22.9489,0,0,0,2.87592,0,0,0.452243,0,0,-1.44004,0.101274,0.021328,11.9646,-0.0960557,-0.0262939,12.1946,0,0,2.38083,0,0,2.11794,-0.0528478,-0.1363,-0.0189301,0.0635742,0.167199,0.170484,0,0,-0.20196,0,0,-0.648909,0,0,1.17539,0,0,1.1655,-10.0477,13.6301,-0.0312011,0,0.999971,0,0,-0.00763466,0,0,-0.0152695
0.937033,0,0,-0.349241,0.998494,0,0,0.0548618,0.973875,0,0,0.227084,0.72357,0.0049764,0.00135889,-0.690232,0.73977,-0.00473252,-0.00160036,-0.672842,0.990355,0,0,0.138552,0.992223,0,0,0.124476,0.979553,0.0217817,-0.119959,-0.160034,0.976513,-0.027063,0.140556,-0.16104,0.646639,0,0,-0.762797,0.636775,0,0,-0.77105,0.490735,0,0,0.871309,0.480646,0,0,0.876915,-8.5349,0.6,2.69235,-8.80076,0.694536,-2.80479,-7.16249,4.57068,3.02514,-7.34187,4.60641,-3.23518,-9.15789,9.84183,2.51478,-9.20891,9.8282,-2.68278,-13.168,12.9709,0,-11.904,16.0985,0,-9.27326,19.3645,0,-10.0932,17.9866,3.77172,-9.96438,17.9058,-3.77204,-12.6702,12.7422,3.72445,-12.3631,12.5655,-3.72446,-7.20106,23.7747,0,0,0,3.59532,0,0,0.513325,0,0,-1.80591,-0.011363,-0.00600956,14.7115,0.0105845,0.00642245,14.9381,0,0,2.66491,0,0,2.40481,-0.0853525,-0.0672899,-0.268005,0.103169,0.0876599,-0.276966,0,0,0.155436,0,0,-0.129665,0,0,0.762649,0,0,0.757084,-9.94107,13.5891,-0.0309811,0,0.999907,0,0,-0.0136487,0,0,-0.0272983
0.957808,0,0,-0.287409,0.997978,0,0,0.0635674,0.980749,0,0,0.195274,0.880042,0.00396131,0.00107186,-0.474878,0.892412,-0.00376085,-0.0012621,-0.451204,0.983275,0,0,0.182125,0.986367,0,0,0.164558,0.977919,0.0199806,-0.119993,-0.169932,0.974472,-0.0249005,0.140698,-0.173172,0.654335,0,0,-0.756205,0.642493,0,0,-0.766292,0.487328,0,0,0.873219,0.47723,0,0,0.878778,-8.62493,0.6,2.7399,-8.98124,0.698933,-2.843,-7.21564,4.5536,3.04763,-7.4471,4.57791,-3.25275,-9.12849,9.9248,2.51414,-9.18757,9.89419,-2.68186,-13.0781,13.1706,0,-11.9679,16.4351,0,-9.78898,20.016,0,-8.74847,18.2388,3.78192,-8.57868,18.2586,-3.78193,-7.27667,12.6266,3.75537,-6.89423,12.6876,-3.75433,-8.21105,24.6615,0,0,0,3.9144,0,0,0.523258,0,0,-1.95272,-0.0818866,-0.0229759,16.0192,0.077361,0.0267625,16.196,0,0,2.64889,0,0,2.43057,-0.108143,-0.00603631,-0.603601,0.129744,0.0143901,-0.740915,0,0,0.607989,0,0,0.446316,0,0,0.234354,0,0,0.233424,-9.71089,13.8755,-0.0304321,0,0.999835,0,0,-0.0181516,0,0,-0.0363052
0.974203,0,0,-0.225674,0.997435,0,0,0.071583,0.986386,0,0,0.164446,0.973657,0.00226931,0.000618547,-0.228008,0.97967,-0.00214922,-0.000725679,-0.200605,0.975453,0,0,0.220207,0.979688,0,0,0.200528,0.975003,0.0179575,-0.119091,-0.186718,0.970923,-0.0225055,0.139661,-0.193124,0.668778,0,0,-0.743462,0.656169,0,0,-0.754614,0.493276,0,0,0.869873,0.483158,0,0,0.875533,-8.68314,0.6,2.79506,-9.13527,0.683515,-2.89145,-7.27644,4.56806,3.06496,-7.56676,4.56337,-3.26373,-9.13511,10.0895,2.50357,-9.20625,10.0346,-2.66816,-13.0234,13.478,0,-12.1035,16.8624,0,-10.4291,20.7027,0,-7.67405,19.8885,3.79283,-7.54756,20.0159,-3.79269,-2.94582,16.6055,3.78501,-2.67786,16.9004,-3.78387,-9.39476,25.5267,0,0,0,3.83316,0,0,0.482042,0,0,-1.88047,-0.110296,-0.029571,15.8878,0.104274,0.0347263,15.9684,0,0,2.3328,0,0,2.19522,-0.12122,0.0474572,-1.02571,0.143297,-0.0526097,-1.22137,0,0,1.15568,0,0,1.07905,0,0,-0.409498,0,0,-0.40545,-9.62375,14.5408,-0.0296075,0,0.999822,0,0,-0.0188842,0,0,-0.0377707
0.985283,0,0,-0.170932,0.996949,0,0,0.0780594,0.990395,0,0,0.138265,0.999963,0.00067957,0.000194122,0.00858785,0.999366,-0.000641695,-0.000225363,0.0356056,0.968755,0,0,0.248021,0.973619,0,0,0.228181,0.970127,0.0158723,-0.117357,-0.211728,0.965305,-0.0200934,0.137528,-0.221063,0.69076,0,0,-0.723084,0.678123,0,0,-0.734948,0.510128,0,0,0.860099,0.499987,0,0,0.866033,-8.71023,0.6,2.85826,-9.25124,0.659378,-2.95022,-7.36408,4.6227,3.07755,-7.71057,4.58612,-3.26851,-9.21558,10.3465,2.48337,-9.29942,10.2697,-2.642,-13.049,13.8967,0,-12.3479,17.3737,0,-11.1851,21.3965,0,-7.70665,22.3326,3.79879,-7.67735,22.5031,-3.7987,-1.99252,22.5137,3.79847,-1.94481,22.8885,-3.79799,-10.7001,26.3259,0,0,0,3.3516,0,0,0.389676,0,0,-1.58916,-0.0965923,-0.0257947,14.3171,0.0913242,0.0303136,14.2553,0,0,1.71661,0,0,1.69875,-0.124582,0.0931925,-1.53434,0.143829,-0.113342,-1.71832,0,0,1.79852,0,0,1.76852,0,0,-1.16889,0,0,-1.15955,-9.88096,15.4109,-0.0284994,0,0.999908,0,0,-0.0135873,0,0,-0.0271754
0.991482,0,0,-0.130242,0.99662,0,0,0.0821489,0.992721,0,0,0.120437,0.98065,0,0,0.195771,0.975921,0,0,0.218124,0.96536,0,0,0.260921,0.96992,0,0,0.243425,0.962283,0.0138845,-0.114887,-0.24621,0.956833,-0.0178783,0.134377,-0.257088,0.720702,0,0,-0.693245,0.708322,0,0,-0.705889,0.539125,0,0,0.842226,0.52898,0,0,0.848634,-8.701,0.6,2.92862,-9.30689,0.636096,-3.01773,-7.49398,4.72228,3.08488,-7.88043,4.66416,-3.2663,-9.40698,10.6989,2.4535,-9.49895,10.611,-2.60342,-13.2,14.4217,0,-12.7351,17.9606,0,-12.0384,22.0884,0,-8.8243,24.6184,3.8,-8.87032,24.7572,-3.8,-3.9332,27.5398,3.8,-4.04425,27.8347,-3.8,-12.0612,27.0528,0,0,0,2.46972,0,0,0.246161,0,0,-1.07879,-0.0407747,-0.0116474,11.3073,0.0385098,0.0135246,11.0567,0,0,0.800334,0,0,0.941184,-0.118231,0.131169,-2.12949,0.131341,-0.167803,-2.23177,0,0,2.53651,0,0,2.51474,0,0,-2.04386,0,0,-2.02888,-10.4573,16.2582,-0.0270507,1,1,0,0,0,0,0,0
0.994365,0,0,-0.10601,0.996372,0,0,0.0851083,0.993569,0,0,0.113229,0.945367,1.28615e-05,-1.22399e-05,0.326008,0.940381,-1.29749e-05,1.0994e-05,0.340124,0.966344,0,0,0.257252,0.969596,0,0,0.244712,0.94861,0.0121614,-0.111747,-0.295809,0.942456,-0.0158848,0.130294,-0.307485,0.761241,0,0,-0.648469,0.749898,0,0,-0.661553,0.581635,0,0,0.81345,0.571283,0,0,0.820753,-8.80804,0.6,3.00589,-9.46122,0.610706,-3.09734,-7.78269,4.85119,3.08424,-8.19999,4.77632,-3.25569,-9.7443,11.1817,2.41142,-9.84376,11.0901,-2.54942,-13.4478,15.1625,0,-13.1947,18.7332,0,-12.8622,22.9051,0,-10.319,26.461,3.8001,-10.3787,26.5359,-3.80009,-6.75281,30.9112,3.8003,-6.88226,31.0653,-3.80028,-13.3023,27.8542,0,0,0,1.46421,0,0,0.178185,0,0,-0.43545,0.000786057,-0.000748066,8.10203,-0.000794342,0.000673073,7.62939,0,0,-0.227913,0,0,0.0796357,-0.101256,0.159116,-3.09777,0.116605,-0.209515,-3.16018,0,0,3.6246,0,0,3.6474,0,0,-3.0804,0,0,-3.04022,-11.1644,17.0893,-0.0253561,0,0.999843,0,0,0.0177258,0,0,0.0354535
0.996157,0,0,-0.087587,0.996054,0,0,0.0887539,0.993703,0,0,0.112044,0.895245,1.86036e-05,-1.76755e-05,0.445575,0.893955,-1.87896e-05,1.58946e-05,0.448157,0.970373,0,0,0.241611,0.971563,0,0,0.23678,0.923817,0.010311,-0.107348,-0.367331,0.916338,-0.013583,0.124568,-0.380294,0.81514,0,0,-0.579264,0.806039,0,0,-0.591862,0.640809,0,0,0.7677,0.630045,0,0,0.776559,-9.15033,0.624969,3.09432,-9.86032,0.6,-3.19402,-8.3467,5.03355,3.06999,-8.80756,4.93545,-3.22963,-10.2817,11.8611,2.3489,-10.3964,11.7654,-2.46993,-13.7779,16.2331,0,-13.7419,19.8191,0,-13.758,24.0028,0,-12.1666,28.2967,3.80015,-12.1823,28.3065,-3.80014,-10.234,33.6872,3.80045,-10.254,33.706,-3.80042,-14.6194,28.8969,0,0,0,1.11061,0,0,0.219569,0,0,-0.0715506,0.000370843,-0.000351119,7.78435,-0.000374655,0.000315811,7.05927,0,0,-0.969123,0,0,-0.490357,-0.10758,0.21253,-4.55824,0.133304,-0.281385,-4.66472,0,0,5.26476,0,0,5.37121,0,0,-4.48885,0,0,-4.41251,-12.0526,18.0853,-0.0231868,0,0.999246,0,0,0.0388145,0,0,0.0776485
0.997248,0,0,-0.0741436,0.99575,0,0,0.0920988,0.993374,0,0,0.11493,0.835867,1.90225e-05,-1.80268e-05,0.548932,0.842315,-1.92636e-05,1.62527e-05,0.538985,0.976119,0,0,0.217234,0.975029,0,0,0.222076,0.887786,0.00836768,-0.1019,-0.448756,0.878424,-0.0111304,0.117507,-0.463076,0.870555,0,0,-0.49207,0.864208,0,0,-0.503134,0.70702,0,0,0.707194,0.695978,0,0,0.718064,-9.64633,0.662649,3.17128,-10.4125,0.6,-3.28033,-9.10872,5.23253,3.03637,-9.61884,5.11263,-3.18189,-10.9717,12.5792,2.27172,-11.1072,12.4826,-2.37279,-14.1709,17.3649,0,-14.3618,20.9499,0,-14.7144,25.1176,0,-14.1979,29.8005,3.80016,-14.1245,29.7812,-3.80015,-13.9383,35.5548,3.80047,-13.755,35.5231,-3.80044,-15.9919,29.9182,0,0,0,0.809259,0,0,0.201523,0,0,0.174288,5.13018e-05,-4.57762e-05,7.15614,-5.16791e-05,4.10037e-05,6.27174,0,0,-1.50271,0,0,-0.906436,-0.113142,0.256094,-5.36282,0.142222,-0.338992,-5.4923,0,0,6.20156,0,0,6.36877,0,0,-5.38339,0,0,-5.29019,-13.0561,19.0359,-0.0206139,0,0.997972,0,0,0.0636513,0,0,0.127389
0.997896,0,0,-0.0648305,0.995557,0,0,0.0941574,0.992782,0,0,0.11993,0.774603,1.59432e-05,-1.50405e-05,0.632448,0.791821,-1.62073e-05,1.36114e-05,0.610754,0.982286,0,0,0.187388,0.979169,0,0,0.203045,0.843351,0.00637452,-0.0957268,-0.528729,0.831773,-0.00869247,0.109552,-0.544129,0.918227,0,0,-0.396055,0.914489,0,0,-0.404611,0.771593,0,0,0.636116,0.760664,0,0,0.649146,-10.1436,0.698186,3.22023,-10.9526,0.6,-3.33459,-9.92204,5.40944,2.98339,-10.4768,5.27294,-3.11211,-11.7313,13.1973,2.18851,-11.8891,13.1041,-2.26889,-14.6074,18.3289,0,-15.0396,21.8953,0,-15.7204,26.0212,0,-16.2448,30.7707,3.80014,-16.0676,30.7734,-3.80013,-17.483,36.4332,3.80039,-17.0704,36.4637,-3.80038,-17.4005,30.6931,0,0,0,0.560141,0,0,0.12405,0,0,0.302065,-0.000172565,0.000167962,6.21741,0.000174584,-0.000151349,5.26681,0,0,-1.82869,0,0,-1.1686,-0.117942,0.289806,-5.51154,0.143359,-0.382334,-5.64292,0,0,6.43501,0,0,6.64009,0,0,-5.76401,0,0,-5.67329,-14.0954,19.7728,-0.01773,0,0.995703,0,0,0.0926057,0,0,0.185477
0.998271,0,0,-0.0587877,0.995577,0,0,0.0939441,0.992146,0,0,0.125087,0.719641,1.10804e-05,-1.0357e-05,0.694346,0.748884,-1.13123e-05,9.41165e-06,0.662701,0.987849,0,0,0.155419,0.983268,0,0,0.182163,0.79685,0.00437417,-0.0892514,-0.597533,0.783123,-0.00642756,0.101263,-0.613533,0.953003,0,0,-0.302961,0.95127,0,0,-0.308359,0.827807,0,0,0.561013,0.817485,0,0,0.575949,-10.4251,1.17634,3.23568,-11.2508,1.04273,-3.34709,-10.5763,5.98742,2.91826,-11.1596,5.83675,-3.02735,-12.4442,14.0741,2.10971,-12.6207,13.9864,-2.17068,-15.0679,19.4293,0,-15.7604,22.9558,0,-16.7651,27.0151,0,-18.1806,31.6009,3.8001,-17.9131,31.6676,-3.80009,-20.6115,36.8987,3.80027,-20.0046,37.0795,-3.80026,-18.8267,31.5283,0,0,0,0.363262,0,0,-0.0128496,0,0,0.311778,-0.000300761,0.000290097,4.96814,0.000304139,-0.000261248,4.04448,0,0,-1.94706,0,0,-1.27684,-0.121979,0.313668,-5.00439,0.136715,-0.411414,-5.11657,0,0,5.96509,0,0,6.18516,0,0,-5.63073,0,0,-5.56177,-15.084,20.65,-0.0146336,0,0.992027,0,0,0.126023,0,0,0.252718
0.998478,0,0,-0.05515,0.995899,0,0,0.0904727,0.991716,0,0,0.12845,0.679058,5.96057e-06,-5.43635e-06,0.734084,0.719418,-6.10562e-06,4.95414e-06,0.694577,0.992187,0,0,0.124762,0.986799,0,0,0.16195,0.757455,0.00239461,-0.0829401,-0.647593,0.742159,-0.00446978,0.093237,-0.663692,0.974135,0,0,-0.225966,0.973651,0,0,-0.228044,0.871497,0,0,0.490401,0.862215,0,0,0.506543,-10.2481,2.08711,3.22375,-11.0544,1.91164,-3.3216,-10.8343,6.93726,2.85356,-11.4196,6.76678,-2.94024,-12.979,15.1471,2.04533,-13.1655,15.062,-2.08945,-15.5331,20.5801,0,-16.5083,24.0398,0,-17.8366,28.0064,0,-19.9344,32.3201,3.80005,-19.6048,32.4682,-3.80005,-23.2062,37.1748,3.80015,-22.4695,37.5374,-3.80014,-20.2527,32.3377,0,0,0,0.218621,0,0,-0.209179,0,0,0.203429,-0.000333282,0.000320627,3.40835,0.000336979,-0.000288692,2.60472,0,0,-1.8578,0,0,-1.23116,-0.125254,0.327678,-3.84135,0.12229,-0.42623,-3.91325,0,0,4.79181,0,0,5.00397,0,0,-4.98353,0,0,-4.95566,-15.9387,21.6159,-0.0114019,0,0.986426,0,0,0.164209,0,0,0.329913
0.998592,0,0,-0.0530495,0.99657,0,0,0.0827529,0.991765,0,0,0.12807,0.66002,1.93662e-06,-1.57213e-06,0.751248,0.70836,-1.97961e-06,1.42493e-06,0.705852,0.995096,0,0,0.0989103,0.989437,0,0,0.144961,0.735643,0.000436652,-0.0772245,-0.672953,0.719889,-0.00292277,0.0860127,-0.688733,0.98396,0,0,-0.178388,0.984118,0,0,-0.177513,0.90095,0,0,0.433924,0.892958,0,0,0.450139,-9.3895,3.37106,3.198,-10.1326,3.14163,-3.27092,-10.4755,8.1816,2.80322,-11.0272,7.97754,-2.86474,-13.2112,16.3058,2.00299,-13.3941,16.215,-2.03317,-15.9835,21.6466,0,-17.266,25.0049,0,-18.9208,28.8498,0,-21.4801,32.9002,3.80002,-21.1163,33.1183,-3.80002,-25.2497,37.4015,3.80005,-24.446,37.9138,-3.80004,-21.6604,32.9845,0,0,0,0.126216,0,0,-0.464935,0,0,-0.0229794,-0.00027013,0.000259553,1.53802,0.000273109,-0.000233682,0.947578,0,0,-1.56094,0,0,-1.03157,-0.127767,0.331837,-2.02245,0.100084,-0.426784,-2.03298,0,0,2.91518,0,0,3.09655,0,0,-3.82241,0,0,-3.85494,-16.5875,22.5663,-0.00805607,0,0.978253,0,0,0.207417,0,0,0.417867
0.998667,0,0,-0.0516172,0.997562,0,0,0.0697889,0.992531,0,0,0.121994,0.668031,2.97914e-07,2.28381e-09,0.744133,0.71918,-2.91481e-07,-1.96251e-08,0.694824,0.996684,0,0,0.0813746,0.991012,0,0,0.13377,0.741101,-0.00153136,-0.0724268,-0.667474,0.726454,-0.00187045,0.0799847,-0.682542,0.984941,0,0,-0.172888,0.985459,0,0,-0.169916,0.915899,0,0,0.401408,0.909274,0,0,0.416199,-7.70172,5.15659,3.17169,-8.3293,4.8646,-3.20788,-9.34935,9.82922,2.77763,-9.82146,9.57841,-2.81091,-13.0505,17.572,1.98681,-13.2105,17.4663,-2.00577,-16.3998,22.5713,0,-18.0143,25.7836,0,-20.0008,29.4727,0,-22.8079,33.3587,3.8,-22.4305,33.6116,-3.8,-26.7558,37.717,3.8,-25.9322,38.2945,-3.8,-23.03,33.4048,0,0,0,0.086052,0,0,-0.78012,0,0,-0.36745,-0.000111305,0.000106876,-0.642836,0.000112529,-9.62177e-05,-0.926986,0,0,-1.05645,0,0,-0.678063,-0.129518,0.326145,0.452335,0.0700975,-0.413073,0.524261,0,0,0.335194,0,0,0.462874,0,0,-2.14739,0,0,-2.25964,-16.9774,23.4958,-0.00454923,1,0.966726,0,0,0.255816,0,0,0.517383
0.998616,0,0,-0.052602,0.998807,0,0,0.0488297,0.994036,0,0,0.109057,0.714493,2.92386e-07,2.22332e-09,0.699642,0.761618,-2.85498e-07,-1.92328e-08,0.648026,0.997438,0,0,0.0715373,0.991802,0,0,0.127781,0.780403,-0.00372178,-0.0681091,-0.621545,0.76877,-0.00135641,0.0745922,-0.635159,0.975419,0,0,-0.220357,0.976375,0,0,-0.216081,0.917603,0,0,0.397498,0.912564,0,0,0.408933,-5.31539,7.87247,3.14131,-5.75694,7.54042,-3.12315,-7.55815,12.2954,2.77221,-7.88957,12.0104,-2.77008,-12.5422,19.1801,1.99365,-12.6538,19.0604,-2.0027,-16.7853,23.4136,0,-18.7291,26.4377,0,-21.0087,29.9594,0,-23.7282,33.9145,3.8,-23.3414,34.1387,-3.8,-27.3404,38.5604,3.8,-26.5128,39.0568,-3.8,-24.2417,33.7354,0,0,0,-0.0591662,0,0,-1.25979,0,0,-0.781492,-7.29245e-07,-6.79369e-09,-3.86041,6.99464e-07,4.64063e-08,-3.79114,0,0,-0.591977,0,0,-0.362478,-0.140503,0.349649,3.62012,0.0354272,-0.435025,3.80124,0,0,-2.90512,0,0,-2.82328,0,0,-0.255897,0,0,-0.478583,-17.0722,24.598,-0.000383144,0,0.951737,0,0,0.306915,0,0,0.623901
0.998341,0,0,-0.0575804,0.999807,0,0,0.0196251,0.995887,0,0,0.0906013,0.79338,2.70996e-07,2.06067e-09,0.608726,0.83069,-2.63485e-07,-1.77499e-08,0.556735,0.99783,0,0,0.0658443,0.992243,0,0,0.124313,0.843093,-0.00627329,-0.0634519,-0.533975,0.835717,-0.0012932,0.0688007,-0.544831,0.949814,0,0,-0.312816,0.951489,0,0,-0.307682,0.9092,0,0,0.416359,0.906251,0,0,0.422741,-2.90337,11.8962,3.08479,-3.11192,11.602,-2.993,-5.74036,15.9519,2.75893,-5.8927,15.6943,-2.71267,-12.0115,21.3536,2.00593,-12.0599,21.2424,-2.00546,-17.1601,24.2534,0,-19.4118,27.0546,0,-21.926,30.418,0,-24.1422,34.6345,3.8,-23.7553,34.7683,-3.8,-26.7407,39.9173,3.8,-25.9423,40.199,-3.8,-25.2651,34.1126,0,0,0,-0.299157,0,0,-1.75337,0,0,-1.1129,-1.94891e-06,-1.48196e-08,-7.22657,1.86922e-06,1.25922e-07,-6.87237,0,0,-0.342386,0,0,-0.209732,-0.156171,0.395053,6.46029,0.00616029,-0.485844,6.74198,0,0,-5.75856,0,0,-5.69744,0,0,1.23891,0,0,0.911003,-17.0164,26.0376,0.00465601,0,0.933282,0,0,0.359143,0,0,0.734699
0.997858,0,0,-0.0654236,0.999887,0,0,-0.0150478,0.997655,0,0,0.0684374,0.879999,2.34577e-07,1.78374e-09,0.474976,0.904647,-2.26941e-07,-1.52881e-08,0.426163,0.997989,0,0,0.0633916,0.992429,0,0,0.122817,0.909925,-0.00907821,-0.0581872,-0.410571,0.906746,-0.00158061,0.0622864,-0.417048,0.901647,0,0,-0.432472,0.90428,0,0,-0.426941,0.892366,0,0,0.451313,0.89219,0,0,0.45166,-1.37646,17.1461,2.98286,-1.38106,16.993,-2.80762,-4.78234,20.7051,2.70903,-4.78408,20.5598,-2.6166,-11.9026,24.0297,2.00439,-11.902,23.96,-1.99679,-17.5294,25.0647,0,-20.0759,27.5986,0,-22.798,30.7964,0,-24.1749,35.2082,3.8,-23.8257,35.228,-3.8,-25.1679,41.0121,3.8,-24.4955,41.0453,-3.8,-26.1977,34.4471,0,0,0,-0.471491,0,0,-2.08048,0,0,-1.33409,-2.81509e-06,-2.14061e-08,-9.57103,2.69999e-06,1.81887e-07,-9.01219,0,0,-0.147473,0,0,-0.0904454,-0.164251,0.41965,8.42535,-0.0157577,-0.512209,8.77565,0,0,-7.74458,0,0,-7.70106,0,0,2.32794,0,0,1.92943,-17.0877,27.7052,0.00978987,0,0.910348,0,0,0.413844,0,0,0.853345
0.997183,0,0,-0.0750027,0.998627,0,0,-0.0523766,0.999014,0,0,0.0443922,0.951299,1.85908e-07,1.41366e-09,0.30827,0.963752,-1.79064e-07,-1.20628e-08,0.266799,0.997996,0,0,0.0632711,0.992439,0,0,0.122741,0.963695,-0.0119598,-0.0523002,-0.26156,0.963431,-0.00211098,0.0550481,-0.262233,0.828175,0,0,-0.560469,0.831861,0,0,-0.554984,0.868602,0,0,0.49551,0.871977,0,0,0.489547,-1.51551,22.99,2.82917,-1.42268,23.0455,-2.57617,-5.43298,25.9159,2.60677,-5.38042,25.9333,-2.4767,-12.589,26.8715,1.97641,-12.5824,26.8601,-1.96709,-17.8988,25.8213,0,-20.7293,28.0293,0,-23.6593,31.0306,0,-24.0398,35.3505,3.8,-23.772,35.2796,-3.8,-23.1154,41.1657,3.8,-22.6682,41.0303,-3.8,-27.1213,34.6315,0,0,0,-0.576168,0,0,-2.24113,0,0,-1.44505,-3.32693e-06,-2.52982e-08,-10.8938,3.1909e-06,2.14958e-07,-10.2106,0,0,-0.00724062,0,0,-0.00461787,-0.164743,0.42344,9.51532,-0.0303266,-0.51412,9.90228,0,0,-8.86318,0,0,-8.83416,0,0,3.01119,0,0,2.57669,-17.544,29.3483,0.013781,0,0.881531,0,0,0.472126,0,0,0.983401
0.996365,0,0,-0.0851896,0.995984,0,0,-0.089536,0.999794,0,0,0.0203089,0.991972,1.30562e-07,9.92802e-10,0.126454,0.995433,-1.25369e-07,-8.44558e-09,0.0954637,0.997913,0,0,0.0645737,0.992341,0,0,0.123531,0.993569,-0.0147026,-0.0460696,-0.102382,0.994189,-0.00275752,0.0474441,-0.0965921,0.733827,0,0,-0.679337,0.738499,0,0,-0.674255,0.840152,0,0,0.542351,0.847724,0,0,0.530437,-3.53833,28.3993,2.63736,-3.48177,28.6464,-2.32868,-7.8737,30.5563,2.45768,-7.8817,30.7077,-2.30874,-14.1578,29.3474,1.92078,-14.1932,29.3743,-1.91743,-18.2734,26.4971,0,-21.3725,28.3031,0,-24.5302,31.0473,0,-24.0122,34.9332,3.8,-23.8442,34.8256,-3.8,-21.2957,40.1569,3.8,-21.1003,39.9979,-3.8,-28.1009,34.5459,0,0,0,-0.613187,0,0,-2.23533,0,0,-1.44579,-3.48442e-06,-2.64958e-08,-11.1948,3.34195e-06,2.25134e-07,-10.4676,0,0,0.0783124,0,0,0.0477536,-0.157647,0.406428,9.73019,-0.0375465,-0.491576,10.1219,0,0,-9.11436,0,0,-9.09673,0,0,3.28867,0,0,2.85279,-18.5005,30.6406,0.0154695,0,0.845008,0,0,0.534754,0,0,1.12843
0.995491,0,0,-0.0948593,0.992317,0,0,-0.123722,0.999998,0,0,-0.00196132,0.998859,7.60909e-08,5.786e-10,-0.0477573,0.997726,-7.29522e-08,-4.91449e-09,-0.0673938,0.997794,0,0,0.0663895,0.992203,0,0,0.124633,0.997874,-0.0171047,-0.0399968,0.0485297,0.997363,-0.00338352,0.0400913,0.060407,0.630582,0,0,-0.776123,0.636045,0,0,-0.771652,0.810433,0,0,0.585832,0.822458,0,0,0.568826,-6.93124,32.4642,2.43718,-7.00011,32.8105,-2.10357,-11.5528,33.7255,2.28686,-11.6859,33.9154,-2.14136,-16.3258,30.9901,1.84783,-16.4231,31.0059,-1.85769,-18.6587,27.0658,0,-21.9951,28.3744,0,-25.4101,30.7645,0,-24.2933,34.0166,3.8,-24.2085,33.9235,-3.8,-20.2734,38.3175,3.8,-20.272,38.2568,-3.8,-29.174,34.0559,0,0,0,-0.582548,0,0,-2.06306,0,0,-1.3363,-3.28757e-06,-2.49988e-08,-10.4741,3.15315e-06,2.12414e-07,-9.78325,0,0,0.109185,0,0,0.0666654,-0.142963,0.368609,9.06996,-0.0374174,-0.444577,9.43439,0,0,-8.49811,0,0,-8.48877,0,0,3.16036,0,0,2.75772,-19.8537,31.3283,0.0145107,0,0.798496,0,0,0.602,0,0,1.29201
0.994693,0,0,-0.102891,0.988352,0,0,-0.152185,0.999788,0,0,-0.0205696,0.981375,3.03242e-08,2.30587e-10,-0.192103,0.979385,-2.90648e-08,-1.95798e-09,-0.202003,0.997698,0,0,0.0678093,0.992094,0,0,0.125495,0.984089,-0.0190268,-0.0346737,0.173217,0.981212,-0.00386112,0.0336953,0.189926,0.53575,0,0,-0.844377,0.541755,0,0,-0.840537,0.784022,0,0,0.620733,0.800139,0,0,0.599815,-10.762,34.8967,2.26313,-10.9687,35.2354,-1.93063,-15.4983,35.1519,2.12821,-15.7423,35.2812,-2.00197,-18.5954,31.6484,1.77435,-18.7343,31.6077,-1.80078,-19.06,27.5014,0,-22.5723,28.1994,0,-26.2665,30.0947,0,-24.9049,32.7565,3.8,-24.8701,32.7021,-3.8,-20.1885,36.2789,3.8,-20.2974,36.3568,-3.8,-30.329,33.0078,0,0,0,-0.484252,0,0,-1.72432,0,0,-1.11658,-2.73636e-06,-2.08075e-08,-8.73177,2.62448e-06,1.768e-07,-8.15745,0,0,0.0853769,0,0,0.0521211,-0.12069,0.309985,7.53463,-0.0299392,-0.373123,7.83988,0,0,-7.01444,0,0,-7.01029,0,0,2.62628,0,0,2.29148,-21.3426,31.3453,0.0117592,0,0.739248,0,0,0.673433,0,0,1.47769
0.994133,0,0,-0.108166,0.985056,0,0,-0.172235,0.999433,0,0,-0.0336754,0.957449,2.80174e-13,2.18886e-15,-0.288602,0.956343,-2.80069e-13,-2.10052e-14,-0.292245,0.99769,0,0,0.0679239,0.992086,0,0,0.125563,0.965821,-0.0204065,-0.030662,0.256581,0.960597,-0.00408287,0.0289019,0.276408,0.468572,0,0,-0.883426,0.474887,0,0,-0.880047,0.766268,0,0,0.642521,0.785369,0,0,0.619028,-14.2634,36.1175,2.14421,-14.5723,36.3824,-1.82263,-18.8993,35.2806,2.01268,-19.1947,35.3029,-1.9071,-20.5444,31.5344,1.71696,-20.6833,31.4241,-1.75714,-19.4827,27.7777,0,-23.0614,27.7424,0,-27.0192,28.9519,0,-25.7199,31.287,3.8,-25.7074,31.266,-3.8,-20.8707,34.6241,3.8,-21.0407,34.7998,-3.8,-31.4678,31.2285,0,0,0,-0.3183,0,0,-1.21913,0,0,-0.786644,-1.83081e-06,-1.39216e-08,-5.96768,1.75596e-06,1.18292e-07,-5.59027,0,0,0.00689104,0,0,0.0041163,-0.09083,0.230556,5.12422,-0.0151122,-0.277215,5.33831,0,0,-4.66335,0,0,-4.66127,0,0,1.68642,0,0,1.45408,-22.708,30.8125,0.00899443,1,0.664091,0,0,0.747651,0,0,1.68904
0.99386,0,0,-0.110649,0.983161,0,0,-0.182742,0.999179,0,0,-0.0405177,0.941941,-1.44612e-08,-1.09963e-10,-0.335778,0.94165,1.38685e-08,9.34264e-10,-0.336594,0.997731,0,0,0.0673331,0.992131,0,0,0.125203,0.953604,-0.0211269,-0.0284583,0.298971,0.946963,-0.00417003,0.0262283,0.320243,0.431742,0,0,-0.901997,0.43843,0,0,-0.898765,0.75827,0,0,0.651941,0.778963,0,0,0.62707,-17.1591,36.6012,2.08116,-17.5255,36.7768,-1.76863,-21.4665,34.7303,1.95025,-21.7592,34.6564,-1.85748,-21.9931,30.9964,1.68531,-22.1005,30.835,-1.73294,-19.8842,27.8748,0,-23.3676,27.058,0,-27.4813,27.4328,0,-26.4615,29.7312,3.8,-26.4582,29.7267,-3.8,-21.9572,33.5213,3.8,-22.1787,33.7211,-3.8,-32.2798,28.8237,0,0,0,-0.149875,0,0,-0.640585,0,0,-0.41082,-8.84878e-07,-6.72867e-09,-2.97989,8.48699e-07,5.71735e-08,-2.80342,0,0,-0.0355263,0,0,-0.0217992,-0.0490591,0.126563,2.64821,-0.00647988,-0.155134,2.75583,0,0,-2.47503,0,0,-2.45904,0,0,0.741405,0,0,0.616897,-23.7572,29.9448,0.00733627,0,0.57679,0,0,0.816893,0,0,1.91201
0.99371,0,0,-0.111982,0.982104,0,0,-0.188338,0.999025,0,0,-0.0441519,0.932773,-2.20742e-08,-1.67854e-10,-0.360464,0.933016,2.11734e-08,1.42637e-09,-0.359834,0.997752,0,0,0.0670193,0.992155,0,0,0.125011,0.945336,-0.0214178,-0.0273578,0.324243,0.93785,-0.0042989,0.0248062,0.346126,0.405347,0,0,-0.914163,0.41267,0,0,-0.910881,0.754347,0,0,0.656476,0.775991,0,0,0.630743,-20.0676,36.496,2.03978,-20.4629,36.5711,-1.73615,-23.7521,33.5959,1.91309,-24.006,33.4382,-1.82967,-23.2307,30.0935,1.66837,-23.2851,29.8991,-1.7203,-20.3103,27.8443,0,-23.467,26.1613,0,-27.5402,25.5009,0,-26.9852,27.8685,3.8,-26.9884,27.8714,-3.8,-23.295,32.4552,3.8,-23.5733,32.6262,-3.8,-32.5318,25.6928,0,0,0,-0.0804917,0,0,-0.341743,0,0,-0.218249,-4.70093e-07,-3.57462e-09,-1.58002,4.50873e-07,3.03734e-08,-1.48754,0,0,-0.0188725,0,0,-0.0115809,-0.0214189,0.062356,1.5961,-0.00869265,-0.0821302,1.64716,0,0,-1.74386,0,0,-1.70809,0,0,0.359824,0,0,0.283499,-24.5862,28.7219,0.00618869,0,0.465662,0,0,0.884962,0,0,2.17283
0.993664,0,0,-0.112393,0.981781,0,0,-0.190013,0.998977,0,0,-0.0452208,0.929977,-2.43034e-08,-1.84804e-10,-0.367617,0.930382,2.33129e-08,1.5705e-09,-0.366593,0.997758,0,0,0.066927,0.992162,0,0,0.124955,0.941527,-0.021403,-0.0271168,0.33516,0.933747,-0.00443593,0.0243827,0.357076,0.389739,0,0,-0.920925,0.397771,0,0,-0.917485,0.753636,0,0,0.657292,0.775672,0,0,0.631136,-22.9027,35.8019,2.01782,-23.3011,35.7726,-1.72066,-25.6535,32.0058,1.89736,-25.8463,31.7871,-1.81895,-24.193,28.93,1.66338,-24.1853,28.7271,-1.71673,-20.7536,27.7041,0,-23.3044,25.1961,0,-27.0268,23.4186,0,-27.1117,25.8251,3.8,-27.118,25.8283,-3.8,-24.7671,31.2249,3.8,-25.088,31.3192,-3.8,-31.8739,22.2121,0,0,0,-0.0247854,0,0,-0.102345,0,0,-0.0641942,-1.38266e-07,-1.05138e-09,-0.460832,1.32613e-07,8.93358e-09,-0.435265,0,0,-0.00555128,0,0,-0.00340641,-0.000798516,0.0125722,0.693973,-0.00878016,-0.02384,0.701791,0,0,-1.02059,0,0,-0.977805,0,0,0.064913,0,0,0.030359,-25.0851,27.276,0.00562549,0,0.334064,0,0,0.94255,0,0,2.46037
0.993696,0,0,-0.112107,0.982026,0,0,-0.188743,0.999015,0,0,-0.0443658,0.932273,-2.2521e-08,-1.71251e-10,-0.361756,0.932525,2.1602e-08,1.45524e-09,-0.361106,0.997753,0,0,0.0670008,0.992157,0,0,0.125,0.941846,-0.0211961,-0.0274921,0.334246,0.934215,-0.00454655,0.0247083,0.355824,0.385049,0,0,-0.922896,0.393667,0,0,-0.919253,0.755204,0,0,0.65549,0.777169,0,0,0.629292,-25.5772,34.5363,2.01334,-25.9531,34.4026,-1.71893,-27.1258,30.1084,1.89919,-27.2481,29.8518,-1.82137,-24.8576,27.624,1.6674,-24.7912,27.4357,-1.71984,-21.2067,27.4725,0,-22.8917,24.3169,0,-25.9087,21.5023,0,-26.7551,23.7776,3.8,-26.7595,23.7783,-3.8,-26.222,29.6402,3.8,-26.5488,29.6285,-3.8,-30.1647,18.8873,0,0,0,0.017243,0,0,0.077616,0,0,0.0513473,1.10605e-07,8.41049e-10,0.377696,-1.06083e-07,-7.14638e-09,0.353442,0,0,0.0044404,0,0,0.00272512,0.0128025,-0.0227892,-0.0581771,-0.00674254,0.019736,-0.0802982,0,0,-0.305235,0,0,-0.268149,0,0,-0.143344,0,0,-0.142515,-25.2128,25.7687,0.00562173,0,0.187923,0,0,0.982184,0,0,2.7635
0.993781,0,0,-0.111352,0.982644,0,0,-0.185499,0.999108,0,0,-0.0422282,0.9378,-1.80511e-08,-1.37262e-10,-0.347176,0.937712,1.73125e-08,1.16627e-09,-0.347413,0.997741,0,0,0.0671854,0.992143,0,0,0.125112,0.945454,-0.0209051,-0.0282416,0.323854,0.938277,-0.004595,0.0255361,0.34491,0.391228,0,0,-0.920294,0.400105,0,0,-0.916469,0.758091,0,0,0.652149,0.779629,0,0,0.626241,-27.9954,32.7357,2.02496,-28.3213,32.5025,-1.72904,-28.1752,28.0428,1.91487,-28.2251,27.7676,-1.83371,-25.2427,26.2874,1.67739,-25.1294,26.1302,-1.72735,-21.6623,27.1677,0,-22.3101,23.6492,0,-24.3156,20.0404,0,-25.9248,21.9226,3.8,-25.9232,21.9229,-3.8,-27.4175,27.6169,3.8,-27.704,27.4994,-3.8,-27.5427,16.227,0,0,0,0.0455935,0,0,0.198132,0,0,0.128376,2.76519e-07,2.10267e-09,0.935542,-2.65214e-07,-1.78663e-08,0.87857,0,0,0.0111017,0,0,0.00681281,0.019384,-0.0437279,-0.660354,-0.00257989,0.048598,-0.699105,0,0,0.402267,0,0,0.420835,0,0,-0.264927,0,0,-0.235137,-25.0022,24.3576,0.00608917,0,0.0352459,0,0,0.999379,0,0,3.07109
0.993892,0,0,-0.110354,0.983437,0,0,-0.181252,0.999222,0,0,-0.0394491,0.944625,-1.22131e-08,-9.28691e-11,-0.328151,0.944144,1.17118e-08,7.88976e-10,-0.329533,0.997724,0,0,0.0674254,0.992124,0,0,0.125259,0.951279,-0.0206361,-0.0291216,0.306259,0.944713,-0.0045445,0.0266189,0.326784,0.408062,0,0,-0.912954,0.416675,0,0,-0.909056,0.761341,0,0,0.648352,0.782206,0,0,0.62302,-30.0574,30.4683,2.05176,-30.3035,30.1489,-1.75007,-28.8425,25.9257,1.9409,-28.8202,25.6463,-1.85325,-25.3973,25.0119,1.69031,-25.2521,24.8937,-1.73703,-22.1129,26.8077,0,-21.6852,23.2553,0,-22.5034,19.2053,0,-24.7239,20.4386,3.8,-24.7159,20.4434,-3.8,-28.0893,25.2683,3.8,-28.2994,25.0722,-3.8,-24.3956,14.5812,0,0,0,0.0602652,0,0,0.259211,0,0,0.16689,3.59478e-07,2.73349e-09,1.21273,-3.4478e-07,-2.32264e-08,1.14012,0,0,0.0144316,0,0,0.00885576,0.0189462,-0.050244,-1.11255,0.00370793,0.0627465,-1.15462,0,0,1.10187,0,0,1.08919,0,0,-0.299864,0,0,-0.2475,-24.5483,23.1629,0.00690169,0,-0.114948,0,0,0.993371,0,0,3.372
0.994005,0,0,-0.109339,0.984215,0,0,-0.176975,0.999327,0,0,-0.0366696,0.951046,-6.34666e-09,-4.82604e-11,-0.309048,0.950225,6.08547e-09,4.09953e-10,-0.311565,0.997708,0,0,0.0676654,0.992106,0,0,0.125405,0.958218,-0.0204961,-0.0298863,0.283733,0.952291,-0.00435748,0.0277077,0.303901,0.435166,0,0,-0.90035,0.442812,0,0,-0.896614,0.764015,0,0,0.645198,0.784067,0,0,0.620676,-31.6764,27.8455,2.09291,-31.8152,27.4643,-1.78169,-29.1914,23.8479,1.9738,-29.0959,23.5768,-1.87755,-25.3909,23.8618,1.70312,-25.2266,23.7829,-1.74662,-22.5512,26.4107,0,-21.1447,23.1203,0,-20.7698,19.0022,0,-23.3364,19.4417,3.8,-23.3255,19.4548,-3.8,-28.1003,22.8995,3.8,-28.2217,22.6632,-3.8,-21.23,14.0268,0,0,0,0.061259,0,0,0.26085,0,0,0.166891,3.5948e-07,2.73351e-09,1.20924,-3.44781e-07,-2.32265e-08,1.1381,0,0,0.0144325,0,0,0.00885576,0.0114888,-0.0423382,-1.41479,0.0121209,0.0621808,-1.44687,0,0,1.79357,0,0,1.7369,0,0,-0.248126,0,0,-0.179604,-23.9819,22.2435,0.00791255,0,-0.253944,0,0,0.967219,0,0,3.6551
0.994093,0,0,-0.108534,0.984809,0,0,-0.173643,0.999404,0,0,-0.0345313,0.955698,-1.81626e-09,-1.38109e-11,-0.294349,0.954655,1.74136e-09,1.17308e-10,-0.297715,0.997696,0,0,0.06785,0.992091,0,0,0.125518,0.96529,-0.0205946,-0.0302877,0.2586,0.959922,-0.00399622,0.028551,0.278779,0.47196,0,0,-0.88162,0.477785,0,0,-0.878477,0.765194,0,0,0.6438,0.784393,0,0,0.620265,-32.8085,25.0211,2.14702,-32.8202,24.613,-1.82352,-29.3016,21.8789,2.00991,-29.1309,21.6289,-1.90414,-25.302,22.8722,1.71281,-25.1267,22.8281,-1.75383,-22.9699,25.9948,0,-20.7787,23.1653,0,-19.3581,19.2793,0,-21.9903,18.9472,3.8,-21.9815,18.9679,-3.8,-27.551,20.8785,3.8,-27.5936,20.6325,-3.8,-18.5023,14.3561,0,0,0,0.0485757,0,0,0.203048,0,0,0.128378,2.76524e-07,2.10271e-09,0.925088,-2.6522e-07,-1.78667e-08,0.872492,0,0,0.0111012,0,0,0.00681192,-0.00298776,-0.0200096,-1.56703,0.022659,0.046901,-1.57582,0,0,2.47739,0,0,2.36395,0,0,-0.109731,0,0,-0.0314498,-23.4363,21.59,0.00896215,0,-0.374483,0,0,0.927234,0,0,3.90927
0.994133,0,0,-0.108166,0.985056,0,0,-0.172235,0.999433,0,0,-0.0336759,0.957448,1.40087e-14,-1.09443e-16,-0.288605,0.956343,0,0,-0.292248,0.99769,0,0,0.0679238,0.992086,0,0,0.125563,0.971722,-0.0210437,-0.0300773,0.233256,0.966761,-0.00342334,0.0288959,0.254021,0.517621,0,0,-0.85561,0.520672,0,0,-0.853757,0.763955,0,0,0.645269,0.782352,0,0,0.622836,-33.4785,22.1739,2.21109,-33.3552,21.7788,-1.87424,-29.2695,20.0701,2.04501,-29.0215,19.8545,-1.93014,-25.2085,22.0526,1.71643,-25.0242,22.037,-1.75636,-23.3614,25.5783,0,-20.6181,23.2799,0,-18.3955,19.7888,0,-20.9004,18.8581,3.8,-20.8963,18.8821,-3.8,-26.7548,19.4722,3.8,-26.7397,19.2283,-3.8,-16.4932,15.1678,0,0,0,0.0222141,0,0,0.0858056,0,0,0.051352,1.10615e-07,8.41104e-10,0.36026,-1.0609e-07,-7.14682e-09,0.343317,0,0,0.00444084,0,0,0.00272512,-0.0244841,0.0167418,-1.56931,0.0353221,0.016907,-1.54149,0,0,3.15331,0,0,2.97036,0,0,0.115331,0,0,0.196967,-23.0181,21.1379,0.00987403,1,-0.471408,0,0,0.881915,0,0,4.12337
0.994085,0,0,-0.108608,0.984931,0,0,-0.17295,0.999433,0,0,-0.0336759,0.956506,0,0,-0.291713,0.95533,0,0,-0.295542,0.99769,0,0,0.0679238,0.992086,0,0,0.125563,0.982431,-0.0224418,-0.0286842,0.183039,0.978119,-0.00197536,0.0287477,0.206039,0.622303,0,0,-0.782776,0.618715,0,0,-0.785615,0.760832,0,0,0.648948,0.77771,0,0,0.628623,-34.0625,17.7459,2.34628,-33.7359,17.4477,-1.99353,-29.3759,17.437,2.11053,-29.0048,17.2963,-1.98362,-25.2816,21.0068,1.71425,-25.0787,21.0186,-1.75388,-23.8877,24.9098,0,-20.6704,23.3425,0,-17.6741,20.4886,0,-19.8842,19.0051,3.8,-19.8859,19.0307,-3.8,-25.7201,18.2351,3.8,-25.6489,18.005,-3.8,-14.719,16.4587,0,0,0,-0.0266992,0,0,-0.0435403,0,0,2.23517e-07,-8.52651e-13,6.66134e-15,-0.194857,0,0,-0.206804,0,0,4.47035e-07,0,0,0,-0.0797874,0.0906447,-3.08168,0.0883127,-0.0156706,-2.95909,0,0,7.65681,0,0,7.16812,0,0,0.289543,0,0,0.445118,-22.7396,20.5406,0.0109257,0,-0.575445,0,0,0.817841,0,0,4.36789
0.993964,0,0,-0.10971,0.984616,0,0,-0.174731,0.999433,0,0,-0.0336759,0.954503,0,0,-0.298202,0.953113,0,0,-0.302613,0.99769,0,0,0.0679238,0.992086,0,0,0.125563,0.993169,-0.024454,-0.0265192,0.110969,0.990113,0.000131324,0.0283668,0.137372,0.758237,0,0,-0.651979,0.747275,0,0,-0.664515,0.758377,0,0,0.651816,0.773078,0,0,0.634311,-33.9538,12.9706,2.49117,-33.4876,12.8466,-2.16532,-29.5571,14.5973,2.18249,-29.0838,14.556,-2.06221,-25.6585,19.9457,1.71026,-25.428,19.9691,-1.74981,-24.3734,24.1302,0,-20.9222,23.185,0,-17.458,20.9241,0,-19.3749,19.1086,3.8,-19.3817,19.1374,-3.8,-25.0004,17.3754,3.8,-24.8952,17.171,-3.8,-13.8248,17.4931,0,0,0,-0.0664705,0,0,-0.108514,0,0,0,0,0,-0.407474,0,0,-0.444612,0,0,0,0,0,0,-0.116145,0.136417,-4.37375,0.127299,-0.0299108,-4.18369,0,0,11.3354,0,0,10.6107,0,0,0.226493,0,0,0.440165,-22.734,19.8096,0.00996787,0,-0.649334,0,0,0.760503,0,0,4.55501
0.993842,0,0,-0.110805,0.9843,0,0,-0.176501,0.999433,0,0,-0.0336759,0.952373,0,0,-0.304935,0.950771,0,0,-0.309895,0.99769,0,0,0.0679238,0.992086,0,0,0.125563,0.99899,-0.0267186,-0.0239939,0.0270164,0.997972,0.00256841,0.0279137,0.05715,0.88002,0,0,-0.474936,0.865173,0,0,-0.501473,0.754776,0,0,0.655983,0.766911,0,0,0.641754,-32.8719,8.64702,2.55678,-32.3937,8.68454,-2.33341,-29.5011,11.8928,2.22009,-28.9851,11.935,-2.14273,-26.2278,18.8441,1.70691,-25.9653,18.866,-1.74662,-24.832,23.2695,0,-21.2801,22.8396,0,-17.529,21.0987,0,-19.1858,19.072,3.8,-19.1975,19.1032,-3.8,-24.5439,16.6346,3.8,-24.4178,16.455,-3.8,-13.4463,18.217,0,0,0,-0.0661178,0,0,-0.10791,0,0,-2.23517e-07,0,0,-0.423739,0,0,-0.458933,0,0,0,0,0,0,-0.133067,0.154666,-5.05181,0.146303,-0.0316849,-4.83828,0,0,12.918,0,0,12.0926,0,0,0.330448,0,0,0.579911,-22.8419,18.993,0.00528992,0,-0.703772,0,0,0.710426,0,0,4.70298
0.993795,0,0,-0.111229,0.984177,0,0,-0.177186,0.999433,0,0,-0.0336759,0.951127,0,0,-0.3088,0.949473,0,0,-0.31385,0.99769,0,0,0.0679238,0.992086,0,0,0.125563,0.997654,-0.0288809,-0.0215619,-0.0581936,0.999298,0.00499106,0.0275763,-0.0248536,0.958773,0,0,-0.284175,0.945478,0,0,-0.325687,0.748163,0,0,0.663515,0.757586,0,0,0.652735,-31.1286,5.43729,2.51453,-30.7382,5.53985,-2.44846,-29.1755,9.67859,2.2092,-28.6723,9.75069,-2.20306,-26.8552,17.725,1.70641,-26.5633,17.7374,-1.74636,-25.277,22.358,0,-21.6994,22.3802,0,-17.7604,21.1223,0,-19.1641,18.9281,3.8,-19.1797,18.9583,-3.8,-24.202,15.8834,3.8,-24.0569,15.7213,-3.8,-13.3508,18.7713,0,0,0,-0.025637,0,0,-0.0417244,0,0,6.70552e-07,0,0,-0.243639,0,0,-0.249766,0,0,0,0,0,0,-0.130554,0.145392,-5.11588,0.145325,-0.0209923,-4.92288,0,0,12.4048,0,0,11.6138,0,0,0.601423,0,0,0.864379,-22.9826,18.1999,-0.00218582,0,-0.747456,0,0,0.664311,0,0,4.83004
0.993896,0,0,-0.110319,0.984442,0,0,-0.175709,0.999433,0,0,-0.0336759,0.951808,0,0,-0.306694,0.950425,0,0,-0.310954,0.99769,0,0,0.0679238,0.992086,0,0,0.125563,0.990325,-0.0306145,-0.019705,-0.133905,0.994716,0.0070525,0.0275702,-0.0986436,0.992212,0,0,-0.12456,0.984052,0,0,-0.177882,0.736557,0,0,0.676376,0.743339,0,0,0.668915,-29.2683,3.41187,2.42153,-28.9897,3.48532,-2.5052,-28.6676,8.02441,2.17594,-28.2032,8.08145,-2.24,-27.388,16.5988,1.71016,-27.0769,16.6039,-1.75027,-25.7217,21.426,0,-22.1745,21.8952,0,-18.1062,21.15,0,-19.2072,18.7816,3.8,-19.2237,18.8051,-3.8,-23.7944,15.0927,3.8,-23.6195,14.9396,-3.8,-13.4303,19.387,0,0,0,0.0549696,0,0,0.0900391,0,0,2.23517e-07,0,0,0.132828,0,0,0.182882,0,0,0,0,0,0,-0.108606,0.108594,-4.56595,0.124364,0.00216711,-4.4375,0,0,9.79569,0,0,9.17423,0,0,1.03942,0,0,1.29357,-23.1238,17.5117,-0.00942892,0,-0.787307,0,0,0.616561,0,0,4.95445
0.994215,0,0,-0.107408,0.985273,0,0,-0.170991,0.999433,0,0,-0.0336759,0.955349,0,0,-0.295479,0.95468,0,0,-0.297634,0.99769,0,0,0.0679238,0.992086,0,0,0.125563,0.981124,-0.0316335,-0.0189111,-0.189835,0.98755,0.00842017,0.0281314,-0.154542,0.999199,0,0,-0.040028,0.995077,0,0,-0.0991048,0.717745,0,0,0.696306,0.722162,0,0,0.691724,-27.6632,2.13037,2.3753,-27.4666,2.16457,-2.54046,-27.9923,6.73712,2.16657,-27.5704,6.78685,-2.26959,-27.659,15.4623,1.71858,-27.3453,15.4759,-1.75883,-26.1795,20.5034,0,-22.7343,21.4734,0,-18.5967,21.3502,0,-19.2648,18.7865,3.8,-19.2751,18.7966,-3.8,-23.122,14.3399,3.8,-22.8921,14.1942,-3.8,-13.7043,20.3323,0,0,0,0.175703,0,0,0.287383,0,0,4.47035e-07,0,0,0.705655,0,0,0.839016,0,0,0,0,0,0,-0.0672231,0.0442725,-3.40203,0.0834203,0.0377927,-3.38212,0,0,5.09071,0,0,4.77398,0,0,1.64443,0,0,1.86748,-23.246,16.9744,-0.0134195,1,-0.828504,0,0,0.559983,0,0,5.09445
0.994742,0,0,-0.102414,0.986688,0,0,-0.162623,0.999433,0,0,-0.0336759,0.963113,0,0,-0.269097,0.963458,0,0,-0.267861,0.99769,0,0,0.0679238,0.992086,0,0,0.125563,0.975345,-0.0317264,-0.0196803,-0.217506,0.98238,0.00879825,0.0295617,-0.184332,0.998198,0,0,-0.0600069,0.993053,0,0,-0.117668,0.687815,0,0,0.725886,0.690449,0,0,0.723381,-26.66,1.10354,2.44413,-26.5113,1.16939,-2.59047,-27.2644,5.62544,2.21478,-26.8901,5.71768,-2.30861,-27.5899,14.3403,1.73225,-27.2966,14.3808,-1.7729,-26.64,19.5777,0,-23.3867,21.0744,0,-19.283,21.6598,0,-19.3365,18.9231,3.8,-19.3295,18.9189,-3.8,-22.059,13.7041,3.8,-21.7445,13.5867,-3.8,-14.2875,21.5279,0,0,0,0.301287,0,0,0.509224,0,0,0,0,0,1.6501,0,0,1.86249,0,0,0,0,0,0,-0.00934303,-0.0487609,-1.69636,0.0237,0.0892698,-1.81413,0,0,-1.20026,0,0,-1.1204,0,0,2.52499,0,0,2.68884,-23.3721,16.5336,-0.0125292,0,-0.86856,0,0,0.495583,0,0,5.24617
0.995428,0,0,-0.0955101,0.988588,0,0,-0.150643,0.999433,0,0,-0.0336759,0.974682,0,0,-0.223595,0.975994,0,0,-0.217796,0.99769,0,0,0.0679238,0.992086,0,0,0.125563,0.973272,-0.0311181,-0.0218881,-0.226482,0.979799,0.00842195,0.0319764,-0.197231,0.986677,0,0,-0.162691,0.977002,0,0,-0.213232,0.64181,0,0,0.766863,0.642924,0,0,0.76593,-26.3228,0.6,2.5931,-26.2129,0.74906,-2.64229,-26.6587,5.06126,2.30549,-26.3484,5.22278,-2.35214,-27.3226,13.6514,1.75232,-27.0719,13.7226,-1.79362,-27.1391,18.9921,0,-24.1774,21.0097,0,-20.2476,22.353,0,-19.4746,19.571,3.8,-19.4376,19.5618,-3.8,-20.5798,13.7893,3.8,-20.1618,13.7531,-3.8,-15.3238,23.2064,0,0,0,0.41629,0,0,0.72782,0,0,0,0,0,2.81719,0,0,3.09699,0,0,0,0,0,0,0.035485,-0.134496,-0.55259,-0.0222701,0.147412,-0.788855,0,0,-6.20245,0,0,-5.81644,0,0,3.6971,0,0,3.82798,-23.5922,16.5378,-0.00781539,0,-0.905362,0,0,0.42464,0,0,5.40606
0.996189,0,0,-0.0872205,0.990674,0,0,-0.136256,0.999433,0,0,-0.0336759,0.985723,0,0,-0.168376,0.987597,0,0,-0.157012,0.99769,0,0,0.0679238,0.992086,0,0,0.125563,0.973672,-0.0300992,-0.0248929,-0.224581,0.979066,0.00761866,0.0349182,-0.200381,0.949969,0,0,-0.312343,0.936083,0,0,-0.351779,0.585262,0,0,0.810845,0.584872,0,0,0.811126,-26.4716,0.6,2.72323,-26.3888,0.82215,-2.6385,-26.2007,4.95901,2.38735,-25.9623,5.17264,-2.36945,-26.9554,13.2144,1.77587,-26.7619,13.3057,-1.81785,-27.6508,18.5068,0,-25.0718,20.9989,0,-21.4698,23.0833,0,-19.7796,20.5251,3.8,-19.7062,20.5311,-3.8,-19.0083,14.6894,3.8,-18.5007,14.8029,-3.8,-16.8277,24.9335,0,0,0,0.499468,0,0,0.872214,0,0,0,0,0,3.37919,0,0,3.71345,0,0,0,0,0,0,0.0619324,-0.181703,0.116917,-0.048411,0.178228,-0.193324,0,0,-9.25447,0,0,-8.67534,0,0,4.29924,0,0,4.41525,-23.9351,16.7639,-0.00132058,0,-0.936739,0,0,0.350029,0,0,5.56798
0.996944,0,0,-0.0781216,0.992681,0,0,-0.120769,0.999433,0,0,-0.0336759,0.993515,0,0,-0.113703,0.995376,0,0,-0.0960546,0.99769,0,0,0.0679238,0.992086,0,0,0.125563,0.974889,-0.0289483,-0.0280436,-0.219013,0.978975,0.00670364,0.0379065,-0.200316,0.882091,0,0,-0.471079,0.867162,0,0,-0.498026,0.525722,0,0,0.850657,0.523653,0,0,0.851931,-26.9158,0.6,2.75384,-26.8436,0.840488,-2.54875,-25.9092,4.74094,2.41839,-25.7368,4.96056,-2.34344,-26.5912,12.4044,1.79975,-26.4574,12.4977,-1.84223,-28.1433,17.4957,0,-26.0079,20.3804,0,-22.8646,23.1203,0,-20.3533,21.0757,3.8,-20.2488,21.1203,-3.8,-17.8059,15.769,3.8,-17.2594,16.0876,-3.8,-18.6981,25.8795,0,0,0,0.547809,0,0,0.937014,0,0,0,0,0,3.31397,0,0,3.68769,0,0,0,0,0,0,0.0703824,-0.190027,0.342438,-0.0552752,0.180632,0.00357717,0,0,-10.3713,0,0,-9.71101,0,0,4.29837,0,0,4.41529,-24.412,16.5484,0.0044735,0,-0.961189,0,0,0.27589,0,0,5.72415
0.997631,0,0,-0.0687916,0.99442,0,0,-0.105498,0.999433,0,0,-0.0336759,0.997533,0,0,-0.070199,0.998948,0,0,-0.0458581,0.99769,0,0,0.0679238,0.992086,0,0,0.125563,0.97529,-0.0279467,-0.0306833,-0.216994,0.978211,0.00599273,0.040455,-0.203543,0.796247,0,0,-0.604972,0.783794,0,0,-0.621022,0.472379,0,0,0.881395,0.46827,0,0,0.883585,-27.4292,0.6,2.67932,-27.3579,0.801092,-2.40217,-25.7609,4.42555,2.39423,-25.6408,4.60634,-2.28648,-26.3119,11.3477,1.82031,-26.2286,11.4268,-1.86306,-28.5848,16.1536,0,-26.9096,19.3305,0,-24.2996,22.5917,0,-21.2169,21.2268,3.8,-21.0965,21.326,-3.8,-17.3045,16.8286,3.8,-16.7819,17.3701,-3.8,-20.7365,26.0955,0,0,0,0.561316,0,0,0.922227,0,0,-2.23517e-07,0,0,2.62153,0,0,3.01973,0,0,0,0,0,0,0.0608342,-0.159468,0.123981,-0.0428629,0.154621,-0.198151,0,0,-9.55299,0,0,-8.92346,0,0,3.69448,0,0,3.82808,-24.9931,15.9822,0.00786925,0,-0.978404,0,0,0.206702,0,0,5.86678
0.99821,0,0,-0.0598105,0.99578,0,0,-0.0917674,0.999433,0,0,-0.0336759,0.998821,0,0,-0.0485398,0.999849,0,0,-0.0173809,0.99769,0,0,0.0679238,0.992086,0,0,0.125563,0.973272,-0.0273778,-0.0321495,-0.22574,0.975348,0.00580225,0.0420722,-0.216546,0.722728,0,0,-0.691133,0.714241,0,0,-0.6999,0.435441,0,0,0.900217,0.428746,0,0,0.903425,-27.8085,0.6,2.57036,-27.7395,0.738456,-2.26881,-25.7051,4.13797,2.34794,-25.6225,4.26235,-2.23049,-26.1604,10.4253,1.83349,-26.1117,10.4836,-1.87639,-28.9434,14.9792,0,-27.6945,18.3487,0,-25.6166,21.9787,0,-22.2588,21.2495,3.8,-22.1357,21.4066,-3.8,-17.5146,17.7648,3.8,-17.0506,18.5072,-3.8,-22.6851,26.0258,0,0,0,0.539986,0,0,0.827849,0,0,0,0,0,1.30187,0,0,1.70954,0,0,0,0,0,0,0.0332891,-0.0900265,-0.538463,-0.0111742,0.100196,-0.798504,0,0,-6.7995,0,0,-6.31269,0,0,2.4876,0,0,2.65366,-25.601,15.4218,0.00893574,0,-0.989133,0,0,0.147025,0,0,5.98807
0.998637,0,0,-0.0521957,0.996678,0,0,-0.0814437,0.999433,0,0,-0.0336759,0.998342,0,0,-0.0575551,0.999798,0,0,-0.0200924,0.99769,0,0,0.0679238,0.992086,0,0,0.125563,0.967297,-0.0274855,-0.0318629,-0.250131,0.968989,0.0063774,0.042298,-0.243374,0.697413,0,0,-0.716669,0.691367,0,0,-0.722504,0.424929,0,0,0.905227,0.415167,0,0,0.909745,-27.9113,0.6,2.51779,-27.8524,0.701771,-2.21611,-25.6933,4.04855,2.3222,-25.6332,4.13648,-2.20573,-26.1474,10.1155,1.83549,-26.115,10.1588,-1.87859,-29.1765,14.5809,0,-28.2532,18.0554,0,-26.6031,21.9028,0,-23.2127,21.5448,3.8,-23.0867,21.749,-3.8,-18.1278,18.5792,3.8,-17.6953,19.4692,-3.8,-24.1928,26.2803,0,0,0,0.457606,0,0,0.621762,0,0,2.23517e-07,0,0,-0.541681,0,0,-0.16272,0,0,0,0,0,0,-0.00988606,0.0134493,-1.50722,0.0356254,0.0191601,-1.65474,0,0,-2.15757,0,0,-1.92963,0,0,0.698733,0,0,0.898683,-26.1032,15.332,0.00886504,1,-0.994622,0,0,0.103573,0,0,6.07567
0.998874,0,0,-0.0474416,0.997112,0,0,-0.0759436,0.999433,0,0,-0.0336759,0.996576,0,0,-0.0826867,0.999162,0,0,-0.0409389,0.99769,0,0,0.0679238,0.992086,0,0,0.125563,0.960247,-0.0279366,-0.0306292,-0.276056,0.961924,0.00722183,0.041624,-0.270033,0.709782,0,0,-0.704422,0.7041,0,0,-0.710101,0.433703,0,0,0.901056,0.421525,0,0,0.906817,-27.8675,0.6,2.52461,-27.8198,0.698339,-2.22828,-25.7203,4.10942,2.32121,-25.67,4.18882,-2.20743,-26.2071,10.2823,1.8304,-26.1781,10.3205,-1.8737,-29.2629,14.8035,0,-28.4988,18.3173,0,-27.0687,22.2537,0,-23.7475,21.9673,3.8,-23.6105,22.1973,-3.8,-18.6303,19.058,3.8,-18.1752,20.0242,-3.8,-24.9317,26.7709,0,0,0,0.285602,0,0,0.33103,0,0,0,0,0,-1.51166,0,0,-1.25139,0,0,0,0,0,0,-0.0314208,0.0703904,-1.61274,0.0522451,-0.0348122,-1.65551,0,0,1.0444,0,0,1.06652,0,0,-0.582919,0,0,-0.419962,-26.3658,15.5941,0.00857582,0,-0.99653,0,0,0.0832291,0,0,6.11653
0.999097,0,0,-0.0424979,0.997486,0,0,-0.0708614,0.999433,0,0,-0.0336759,0.992554,0,0,-0.121808,0.997151,0,0,-0.0754354,0.99769,0,0,0.0679238,0.992086,0,0,0.125563,0.950273,-0.0286248,-0.0286756,-0.308772,0.952088,0.0083849,0.0403785,-0.303032,0.738708,0,0,-0.674026,0.732741,0,0,-0.680508,0.453174,0,0,0.891422,0.438263,0,0,0.898847,-27.7864,0.6,2.55311,-27.7537,0.705842,-2.2673,-25.7912,4.23328,2.32786,-25.7487,4.31235,-2.21907,-26.3149,10.6566,1.82118,-26.2858,10.6923,-1.86476,-29.3045,15.3101,0,-28.6648,18.8495,0,-27.4171,22.849,0,-24.2211,22.5183,3.8,-24.0625,22.7708,-3.8,-19.1879,19.4658,3.8,-18.6687,20.4967,-3.8,-25.5105,27.4682,0,0,0,0.296924,0,0,0.305758,0,0,0,0,0,-2.35979,0,0,-2.0734,0,0,0,0,0,0,-0.0477682,0.112866,-2.05326,0.0723915,-0.0674705,-2.06718,0,0,2.51778,0,0,2.47122,0,0,-1.30347,0,0,-1.11234,-26.5884,16.0424,0.00803674,0,-0.997679,0,0,0.0680974,0,0,6.14688
0.999298,0,0,-0.0374564,0.997808,0,0,-0.0661829,0.999433,0,0,-0.0336759,0.985141,0,0,-0.171746,0.992698,0,0,-0.120629,0.99769,0,0,0.0679238,0.992086,0,0,0.125563,0.937252,-0.0294871,-0.0261582,-0.346417,0.939362,0.00978712,0.0386759,-0.3406,0.77884,0,0,-0.627223,0.772199,0,0,-0.63538,0.480888,0,0,0.876782,0.463087,0,0,0.886313,-27.6761,0.6,2.59271,-27.6622,0.72005,-2.32573,-25.9058,4.3975,2.33797,-25.8699,4.48159,-2.23813,-26.4696,11.169,1.80911,-26.437,11.2041,-1.85301,-29.309,16.0094,0,-28.7627,19.5652,0,-27.6627,23.6092,0,-24.6427,23.1458,3.8,-24.4517,23.4157,-3.8,-19.8022,19.7961,3.8,-19.1784,20.8747,-3.8,-25.9461,28.3024,0,0,0,0.302735,0,0,0.281374,0,0,0,0,0,-3.02946,0,0,-2.72496,0,0,0,0,0,0,-0.0606491,0.146467,-2.39133,0.0881059,-0.0935324,-2.38136,0,0,3.69976,0,0,3.59726,0,0,-1.88064,0,0,-1.66861,-26.7784,16.6133,0.00708972,0,-0.998349,0,0,0.0574474,0,0,6.16823
0.999475,0,0,-0.0324088,0.998083,0,0,-0.0618938,0.999433,0,0,-0.0336759,0.973374,0,0,-0.229223,0.984838,0,0,-0.173475,0.99769,0,0,0.0679238,0.992086,0,0,0.125563,0.921227,-0.0304616,-0.0232362,-0.387135,0.92379,0.011349,0.0366339,-0.380974,0.824501,0,0,-0.565861,0.817106,0,0,-0.576487,0.514343,0,0,0.857585,0.493655,0,0,0.869658,-27.5467,0.6,2.63126,-27.5552,0.735951,-2.39459,-26.0651,4.57845,2.34661,-26.0346,4.66948,-2.26128,-26.6694,11.7468,1.79547,-26.6307,11.7823,-1.83967,-29.2836,16.8043,0,-28.8046,20.3704,0,-27.8214,24.4456,0,-25.028,23.7921,3.8,-24.7947,24.0716,-3.8,-20.4887,20.0444,3.8,-19.7246,21.1461,-3.8,-26.2585,29.1921,0,0,0,0.303037,0,0,0.257873,0,0,0,0,0,-3.52065,0,0,-3.20606,0,0,0,0,0,0,-0.0700631,0.171192,-2.62695,0.0993885,-0.112998,-2.59805,0,0,4.59034,0,0,4.44465,0,0,-2.31445,0,0,-2.08877,-26.9452,17.2372,0.00557916,0,-0.998722,0,0,0.0505341,0,0,6.18207
0.999623,0,0,-0.0274472,0.998318,0,0,-0.0579798,0.999433,0,0,-0.0336759,0.956753,0,0,-0.290902,0.972985,0,0,-0.230868,0.99769,0,0,0.0679238,0.992086,0,0,0.125563,0.902477,-0.031489,-0.0200699,-0.429116,0.905648,0.0129923,0.0343725,-0.422436,0.8703,0,0,-0.492521,0.862369,0,0,-0.506281,0.551079,0,0,0.834453,0.527653,0,0,0.84946,-27.4093,0.6,2.65713,-27.4427,0.748593,-2.46393,-26.2673,4.75418,2.34897,-26.2413,4.85062,-2.28459,-26.91,12.3213,1.78146,-26.8627,12.3571,-1.8259,-29.2359,17.6018,0,-28.8026,21.1743,0,-27.9103,25.2713,0,-25.3914,24.4022,3.8,-25.1082,24.6816,-3.8,-21.2579,20.2112,3.8,-20.3269,21.3045,-3.8,-26.4695,30.0563,0,0,0,0.297829,0,0,0.235261,0,0,0,0,0,-3.83338,0,0,-3.51671,0,0,0,0,0,0,-0.07601,0.187041,-2.76012,0.106239,-0.125867,-2.71725,0,0,5.18953,0,0,5.0134,0,0,-2.60492,0,0,-2.37285,-27.0976,17.8478,0.00342655,0,-0.998913,0,0,0.0466082,0,0,6.18994
0.999743,0,0,-0.0226636,0.998518,0,0,-0.0544266,0.999433,0,0,-0.0336759,0.935439,0,0,-0.353487,0.957116,0,0,-0.289704,0.99769,0,0,0.0679238,0.992086,0,0,0.125563,0.881565,-0.0325148,-0.0168182,-0.47064,0.885474,0.0146421,0.0320128,-0.463353,0.911713,0,0,-0.410829,0.903695,0,0,-0.428177,0.58876,0,0,0.808308,0.562866,0,0,0.826548,-27.2743,0.6,2.66169,-27.3333,0.753981,-2.52432,-26.5059,4.90691,2.34161,-26.4831,5.00441,-2.30424,-27.1818,12.8352,1.76815,-27.1244,12.8706,-1.81267,-29.1734,18.3239,0,-28.7692,21.9002,0,-27.9466,26.0126,0,-25.7422,24.9315,3.8,-25.4049,25.1996,-3.8,-22.1038,20.3041,3.8,-20.9916,21.3541,-3.8,-26.6021,30.8256,0,0,0,0.28711,0,0,0.213535,0,0,0,0,0,-3.96763,0,0,-3.6569,0,0,0,0,0,0,-0.0784904,0.194016,-2.79085,0.108658,-0.132139,-2.73897,0,0,5.4973,0,0,5.30349,0,0,-2.75203,0,0,-2.52081,-27.2415,18.3896,0.000677384,0,-0.998991,0,0,0.0449164,0,0,6.19332
0.999835,0,0,-0.0181498,0.998687,0,0,-0.0512194,0.999433,0,0,-0.0336759,0.910342,0,0,-0.413857,0.937868,0,0,-0.346992,0.99769,0,0,0.0679238,0.992086,0,0,0.125563,0.859344,-0.03349,-0.0136358,-0.510117,0.864082,0.0162277,0.0296748,-0.502213,0.945566,0,0,-0.325432,0.938031,0,0,-0.346552,0.625251,0,0,0.780423,0.597244,0,0,0.80206,-27.1507,0.6,2.64151,-27.2341,0.749842,-2.5688,-26.7685,5.02497,2.32341,-26.7473,5.11753,-2.31736,-27.4705,13.2494,1.75633,-27.4022,13.283,-1.80074,-29.1034,18.9153,0,-28.7168,22.4939,0,-27.9481,26.6175,0,-26.0824,25.3513,3.8,-25.6909,25.5976,-3.8,-22.9985,20.3373,3.8,-21.7051,21.3106,-3.8,-26.6802,31.4512,0,0,0,0.270882,0,0,0.192695,0,0,0,0,0,-3.92342,0,0,-3.62664,0,0,0,0,0,0,-0.0775033,0.192115,-2.71912,0.106645,-0.131815,-2.6632,0,0,5.51367,0,0,5.31493,0,0,-2.7558,0,0,-2.53267,-27.38,18.8248,-0.00248888,0,-0.999,0,0,0.0447054,0,0,6.19374
0.999902,0,0,-0.013998,0.998831,0,0,-0.048344,0.999433,0,0,-0.0336759,0.883101,0,0,-0.469183,0.916538,0,0,-0.399948,0.99769,0,0,0.0679238,0.992086,0,0,0.125563,0.836936,-0.0343724,-0.0106704,-0.546116,0.842533,0.0176845,0.0274757,-0.537652,0.970341,0,0,-0.241739,0.963834,0,0,-0.266504,0.658675,0,0,0.752427,0.628949,0,0,0.777446,-27.0446,0.6,2.59936,-27.1496,0.736234,-2.59442,-27.0371,5.1039,2.29604,-27.0164,5.18554,-2.32282,-27.7578,13.546,1.74655,-27.6789,13.5763,-1.79065,-29.0333,19.3495,0,-28.658,22.9296,0,-27.9327,27.0616,0,-26.4075,25.6516,3.8,-25.966,25.868,-3.8,-23.8945,20.3285,3.8,-22.4335,21.2005,-3.8,-26.728,31.9114,0,0,0,0.249144,0,0,0.172742,0,0,-2.23517e-07,0,0,-3.70073,0,0,-3.42593,0,0,0,0,0,0,-0.0730497,0.181338,-2.54494,0.100201,-0.124895,-2.48995,0,0,5.23865,0,0,5.04773,0,0,-2.61619,0,0,-2.40846,-27.5128,19.1369,-0.0057886,0,-0.998977,0,0,0.0452204,0,0,6.19271
0.999947,0,0,-0.0103,0.998951,0,0,-0.0457856,0.999433,0,0,-0.0336759,0.855977,0,0,-0.517014,0.894996,0,0,-0.446073,0.99769,0,0,0.0679238,0.992086,0,0,0.125563,0.815684,-0.0351263,-0.00806139,-0.577374,0.822097,0.0189536,0.0255285,-0.568459,0.986206,0,0,-0.165522,0.981099,0,0,-0.193505,0.68743,0,0,0.726251,0.656374,0,0,0.754435,-26.9592,0.6,2.54362,-27.082,0.715701,-2.60281,-27.2903,5.14653,2.26374,-27.2694,5.2129,-2.32153,-28.0231,13.7287,1.73902,-27.9346,13.7548,-1.78267,-28.9708,19.6288,0,-28.6051,23.21,0,-27.9185,27.3492,0,-26.7092,25.8411,3.8,-26.225,26.0242,-3.8,-24.7316,20.2968,3.8,-23.1276,21.0571,-3.8,-26.7698,32.2126,0,0,0,0.221896,0,0,0.153675,0,0,0,0,0,-3.29958,0,0,-3.05475,0,0,0,0,0,0,-0.065129,0.161686,-2.26832,0.0893244,-0.111377,-2.2192,0,0,4.67223,0,0,4.50187,0,0,-2.33324,0,0,-2.14812,-27.638,19.3315,-0.00889152,0,-0.998955,0,0,0.0457062,0,0,6.19174
0.999974,0,0,-0.00714782,0.999052,0,0,-0.0435296,0.999433,0,0,-0.0336759,0.831668,0,0,-0.555273,0.875533,0,0,-0.483158,0.99769,0,0,0.0679238,0.992086,0,0,0.125563,0.797086,-0.0357219,-0.00593955,-0.602779,0.804186,0.019982,0.0239416,-0.59356,0.99473,0,0,-0.102533,0.99111,0,0,-0.133048,0.71016,0,0,0.70404,0.678117,0,0,0.734954,-26.895,0.6,2.48641,-27.0315,0.692915,-2.59945,-27.5046,5.16162,2.23236,-27.4836,5.21148,-2.31615,-28.2451,13.8196,1.73377,-28.1494,13.8413,-1.77691,-28.9231,19.78,0,-28.5709,23.3626,0,-27.9234,27.5085,0,-26.9783,25.9435,3.8,-26.4604,26.0956,-3.8,-25.4457,20.2601,3.8,-23.7303,20.9176,-3.8,-26.8303,32.3847,0,0,0,0.189137,0,0,0.135494,0,0,0,0,0,-2.71995,0,0,-2.51313,0,0,0,0,0,0,-0.0537416,0.133159,-1.88925,0.074016,-0.0912637,-1.85097,0,0,3.8144,0,0,3.67735,0,0,-1.90693,0,0,-1.75168,-27.7525,19.4321,-0.0114809,0,-0.998968,0,0,0.045409,0,0,6.19234
0.999989,0,0,-0.00463338,0.999136,0,0,-0.0415614,0.999433,0,0,-0.0336759,0.813071,0,0,-0.582165,0.860638,0,0,-0.509218,0.99769,0,0,0.0679238,0.992086,0,0,0.125563,0.78271,-0.036133,-0.00442949,-0.62132,0.790275,0.0207203,0.0228196,-0.611976,0.998301,0,0,-0.058261,0.995904,0,0,-0.0904168,0.725674,0,0,0.688038,0.69291,0,0,0.721024,-26.8508,0.6,2.44099,-26.9971,0.67381,-2.59191,-27.6566,5.16139,2.20824,-27.6364,5.19746,-2.31027,-28.4035,13.8514,1.73066,-28.3034,13.8695,-1.77336,-28.8977,19.844,0,-28.5677,23.4288,0,-27.9656,27.5818,0,-27.2066,25.9913,3.8,-26.6652,26.1212,-3.8,-25.9758,20.2349,3.8,-24.1834,20.8197,-3.8,-26.9343,32.4715,0,0,0,0.150869,0,0,0.1182,0,0,0,0,0,-1.96187,0,0,-1.80104,0,0,0,0,0,0,-0.0388873,0.0957559,-1.40774,0.0542757,-0.0645535,-1.38524,0,0,2.66517,0,0,2.57419,0,0,-1.33727,0,0,-1.21916,-27.8536,19.4727,-0.0132912,1,-0.99905,0,0,0.0435738,0,0,6.19601
0.999997,0,0,-0.00254784,0.999208,0,0,-0.0397992,0.999433,0,0,-0.0336759,0.798591,0,0,-0.601874,0.849076,0,0,-0.528271,0.99769,0,0,0.0679238,0.992086,0,0,0.125563,0.771268,-0.0364283,-0.00331323,-0.635458,0.779148,0.0212727,0.0219978,-0.626093,0.999654,0,0,-0.0262864,0.998227,0,0,-0.0595236,0.736677,0,0,0.676245,0.703341,0,0,0.710853,-26.8182,0.712568,2.40596,-26.9721,0.771079,-2.58406,-27.7664,5.26811,2.19003,-27.7478,5.29312,-2.3051,-28.5195,13.9704,1.72877,-28.417,13.9856,-1.77108,-28.8864,19.9813,0,-28.5836,23.5685,0,-28.0301,27.7286,0,-27.4052,26.1268,3.8,-26.8462,26.2413,-3.8,-26.3807,20.3301,3.8,-24.5319,20.8645,-3.8,-27.0634,32.6314,0,0,0,0.125133,0,0,0.105819,0,0,2.23517e-07,0,0,-1.46742,0,0,-1.33725,0,0,0,0,0,0,-0.0291927,0.0713764,-1.09126,0.0413535,-0.0472016,-1.0788,0,0,1.92028,0,0,1.8589,0,0,-0.96778,0,0,-0.8742,-27.9441,19.5998,-0.0145823,0,-0.999166,0,0,0.0408225,0,0,6.20152
0.999999,0,0,-0.0014182,0.999245,0,0,-0.0388446,0.999433,0,0,-0.0336759,0.790548,0,0,-0.6124,0.842637,0,0,-0.538483,0.99769,0,0,0.0679238,0.992086,0,0,0.125563,0.764963,-0.036585,-0.00271239,-0.643028,0.773015,0.0215688,0.0215543,-0.633655,0.99996,0,0,-0.00895394,0.999085,0,0,-0.0427644,0.742557,0,0,0.669783,0.708929,0,0,0.70528,-26.8013,0.829321,2.38615,-26.959,0.879039,-2.57892,-27.8265,5.37973,2.17985,-27.8086,5.39845,-2.30195,-28.5826,14.0849,1.72784,-28.4787,14.0985,-1.76993,-28.8803,20.1039,0,-28.5922,23.6924,0,-28.0651,27.856,0,-27.513,26.2497,3.8,-26.9446,26.3554,-3.8,-26.6009,20.4344,3.8,-24.722,20.9401,-3.8,-27.1335,32.7657,0,0,0,0.0677786,0,0,0.0573172,0,0,0,0,0,-0.794831,0,0,-0.724322,0,0,0,0,0,0,-0.0158121,0.0386615,-0.59108,0.0223991,-0.0255668,-0.584335,0,0,1.04012,0,0,1.00688,0,0,-0.524197,0,0,-0.473517,-27.9934,19.7184,-0.0152755,0,-0.999226,0,0,0.0393322,0,0,6.2045
0.999999,0,0,-0.00105813,0.999257,0,0,-0.0385404,0.999433,0,0,-0.0336759,0.787955,0,0,-0.615733,0.840558,0,0,-0.541721,0.99769,0,0,0.0679238,0.992086,0,0,0.125563,0.762937,-0.0366345,-0.00252144,-0.645428,0.771044,0.0216627,0.0214131,-0.636052,0.999994,0,0,-0.00342837,0.9993,0,0,-0.0374196,0.74442,0,0,0.667712,0.710701,0,0,0.703494,-26.796,0.867638,2.37973,-26.955,0.914479,-2.57715,-27.8457,5.41612,2.17656,-27.8281,5.43279,-2.30088,-28.6027,14.1217,1.72756,-28.4985,14.1347,-1.76957,-28.8783,20.143,0,-28.595,23.7318,0,-28.0763,27.8966,0,-27.5474,26.2891,3.8,-26.9761,26.3919,-3.8,-26.6711,20.4682,3.8,-24.7829,20.9647,-3.8,-27.1559,32.8084,0,0,0,0.0216047,0,0,0.0182701,0,0,0,0,0,-0.253358,0,0,-0.230881,0,0,0,0,0,0,-0.00504009,0.0123235,-0.188413,0.0071397,-0.00814967,-0.18626,0,0,0.331541,0,0,0.320947,0,0,-0.167094,0,0,-0.150937,-28.0092,19.7564,-0.0154953,0,-0.999245,0,0,0.0388571,0,0,6.20545
0.999999,0,0,-0.00128126,0.99925,0,0,-0.0387289,0.999433,0,0,-0.0336759,0.789563,0,0,-0.613669,0.841848,0,0,-0.539715,0.99769,0,0,0.0679238,0.992086,0,0,0.125563,0.764194,-0.0366039,-0.00263973,-0.643942,0.772266,0.0216045,0.0215006,-0.634567,0.999977,0,0,-0.00685249,0.99917,0,0,-0.0407318,0.743266,0,0,0.668996,0.709604,0,0,0.704601,-26.7993,0.843831,2.38372,-26.9575,0.892456,-2.57825,-27.8338,5.39353,2.1786,-27.816,5.41146,-2.30154,-28.5902,14.0989,1.72773,-28.4862,14.1122,-1.76979,-28.8795,20.1188,0,-28.5933,23.7074,0,-28.0694,27.8715,0,-27.5261,26.2647,3.8,-26.9566,26.3693,-3.8,-26.6276,20.4472,3.8,-24.7452,20.9495,-3.8,-27.142,32.7819,0,0,0,-0.013388,0,0,-0.0113218,0,0,0,0,0,0.157002,0,0,0.143069,0,0,0,0,0,0,0.00312321,-0.00763663,0.116758,-0.00442442,0.00505015,0.115421,0,0,-0.20545,0,0,-0.198886,0,0,0.103548,0,0,0.093534,-27.9994,19.7329,-0.0153591,0,-0.999233,0,0,0.0391513,0,0,6.20486
0.999998,0,0,-0.00190125,0.999229,0,0,-0.0392528,0.999433,0,0,-0.0336759,0.794004,0,0,-0.607912,0.845405,0,0,-0.534126,0.99769,0,0,0.0679238,0.992086,0,0,0.125563,0.767668,-0.0365183,-0.00296898,-0.639799,0.775647,0.0214424,0.0217438,-0.630428,0.999866,0,0,-0.0163661,0.998753,0,0,-0.0499326,0.74005,0,0,0.672552,0.706545,0,0,0.707668,-26.8085,0.778754,2.39469,-26.9646,0.832278,-2.58119,-27.8008,5.33153,2.18423,-27.7825,5.35297,-2.30333,-28.5556,14.0358,1.72823,-28.4523,14.05,-1.77041,-28.8829,20.0515,0,-28.5885,23.6394,0,-28.0501,27.8016,0,-27.4669,26.1971,3.8,-26.9025,26.3065,-3.8,-26.5067,20.3894,3.8,-24.6406,20.9076,-3.8,-27.1035,32.7083,0,0,0,-0.0371995,0,0,-0.0314578,0,0,0,0,0,0.436234,0,0,0.397539,0,0,0,0,0,0,0.00867829,-0.021219,0.324408,-0.0122935,0.0140322,0.32071,0,0,-0.570858,0,0,-0.552616,0,0,0.287701,0,0,0.259881,-27.9723,19.6676,-0.0149796,0,-0.999201,0,0,0.0399697,0,0,6.20322
0.999996,0,0,-0.00273175,0.999201,0,0,-0.0399546,0.999433,0,0,-0.0336759,0.799887,0,0,-0.600151,0.850112,0,0,-0.526602,0.99769,0,0,0.0679238,0.992086,0,0,0.125563,0.772288,-0.0364025,-0.0034113,-0.63422,0.780139,0.0212243,0.0220701,-0.624856,0.999576,0,0,-0.0291074,0.998061,0,0,-0.0622505,0.735715,0,0,0.677292,0.702427,0,0,0.711756,-26.8211,0.694051,2.40912,-26.9742,0.753966,-2.58484,-27.7567,5.2503,2.19166,-27.7379,5.27632,-2.30559,-28.5093,13.9519,1.72892,-28.407,13.9673,-1.77127,-28.8874,19.9613,0,-28.5822,23.5483,0,-28.0244,27.7078,0,-27.3877,26.1068,3.8,-26.8301,26.2227,-3.8,-26.3449,20.3135,3.8,-24.501,20.8524,-3.8,-27.052,32.6095,0,0,0,-0.0498299,0,0,-0.0421388,0,0,0,0,0,0.58435,0,0,0.532511,0,0,0,0,0,0,0.0116249,-0.0284234,0.434557,-0.0164675,0.0187962,0.429593,0,0,-0.764681,0,0,-0.740245,0,0,0.385383,0,0,0.348129,-27.9361,19.5806,-0.0144689,0,-0.999156,0,0,0.0410655,0,0,6.20103
0.999994,0,0,-0.00358639,0.999172,0,0,-0.0406767,0.999433,0,0,-0.0336759,0.805862,0,0,-0.592104,0.854886,0,0,-0.518816,0.99769,0,0,0.0679238,0.992086,0,0,0.125563,0.776999,-0.0362822,-0.00386798,-0.628444,0.784721,0.0209985,0.0224066,-0.619088,0.999109,0,0,-0.0422143,0.99719,0,0,-0.0749168,0.731222,0,0,0.68214,0.698165,0,0,0.715937,-26.8343,0.609858,2.42365,-26.9844,0.676144,-2.58824,-27.7116,5.1689,2.19919,-27.6922,5.19952,-2.30778,-28.4617,13.8662,1.72968,-28.3604,13.8828,-1.77219,-28.892,19.8685,0,-28.5757,23.4545,0,-27.998,27.6112,0,-27.3062,26.0145,3.8,-26.7559,26.1368,-3.8,-26.1788,20.237,3.8,-24.3579,20.7969,-3.8,-26.9991,32.5076,0,0,0,-0.0512791,0,0,-0.0433646,0,0,-2.23517e-07,0,0,0.60134,0,0,0.547997,0,0,0,0,0,0,0.0119629,-0.0292499,0.447192,-0.0169464,0.019343,0.442089,0,0,-0.786919,0,0,-0.761774,0,0,0.396588,0,0,0.358243,-27.899,19.4917,-0.0139409,0,-0.99911,0,0,0.0421927,0,0,6.19877
0.999991,0,0,-0.00427883,0.999148,0,0,-0.0412618,0.999433,0,0,-0.0336759,0.810643,0,0,-0.585541,0.858702,0,0,-0.512475,0.99769,0,0,0.0679238,0.992086,0,0,0.125563,0.780784,-0.0361837,-0.0042391,-0.623739,0.788402,0.0208147,0.0226797,-0.61439,0.998604,0,0,-0.0528284,0.996366,0,0,-0.0851703,0.727558,0,0,0.686046,0.694693,0,0,0.719306,-26.8452,0.6,2.43518,-26.9928,0.671295,-2.59073,-27.6752,5.16073,2.2052,-27.6553,5.19497,-2.30945,-28.4232,13.8535,1.73032,-28.3227,13.871,-1.77295,-28.8958,19.8494,0,-28.5704,23.4347,0,-27.9766,27.589,0,-27.2403,25.9962,3.8,-26.6958,26.1236,-3.8,-26.0445,20.2325,3.8,-24.2424,20.809,-3.8,-26.9562,32.4809,0,0,0,-0.0415469,0,0,-0.035134,0,0,0,0,0,0.487221,0,0,0.443995,0,0,0,0,0,0,0.00969261,-0.0236987,0.362327,-0.0137302,0.0156718,0.358182,0,0,-0.637569,0,0,-0.617197,0,0,0.321325,0,0,0.290258,-27.8689,19.4762,-0.0135116,0,-0.99907,0,0,0.0431067,0,0,6.19695
0.999989,0,0,-0.00462272,0.999136,0,0,-0.0415524,0.999433,0,0,-0.0336759,0.812998,0,0,-0.582267,0.860579,0,0,-0.509316,0.99769,0,0,0.0679238,0.992086,0,0,0.125563,0.782653,-0.0361345,-0.00442377,-0.621393,0.790219,0.0207231,0.0228154,-0.612049,0.998311,0,0,-0.0580975,0.995918,0,0,-0.0902592,0.725731,0,0,0.687979,0.692963,0,0,0.720973,-26.8507,0.6,2.44081,-26.997,0.673733,-2.59188,-27.6572,5.16138,2.20815,-27.637,5.19739,-2.31024,-28.4041,13.8515,1.73065,-28.304,13.8695,-1.77334,-28.8976,19.8442,0,-28.5677,23.429,0,-27.966,27.582,0,-27.2076,25.9914,3.8,-26.6661,26.1213,-3.8,-25.9779,20.2348,3.8,-24.1852,20.8194,-3.8,-26.9349,32.4718,0,0,0,-0.0206334,0,0,-0.0174489,0,0,0,0,0,0.241964,0,0,0.220495,0,0,0,0,0,0,0.00481345,-0.0117694,0.179937,-0.00681873,0.00778321,0.177888,0,0,-0.316637,0,0,-0.306517,0,0,0.159581,0,0,0.144149,-27.8541,19.4729,-0.0132978,1,-0.999051,0,0,0.0435605,0,0,6.19604
