1,0,0,0,1,0,0,0,1,0,0,0,0.707107,0,0,-0.707107,0.707107,0,0,-0.707107,1,0,0,0,1,0,0,0,0.706648,-0.0254504,-0.0254504,-0.706649,0.706541,0.0282767,0.0282767,-0.706541,1,0,0,0,1,0,0,0,0.707107,0,0,0.707107,0.707107,0,0,0.707107,0.699975,0.645987,2.7769,0.699999,0.656769,-2.91848,-1.85966e-05,5.1842,2.44958,-9.53674e-07,5.19222,-2.55487,-6.19888e-06,13.9115,1.82012,-4.76837e-07,13.9142,-1.85562,0,19.95,0,0,23.55,0,0,27.75,0,0,26.15,3.8,0,26.15,-3.8,2.38419e-07,20.25,3.8,2.38419e-07,20.25,-3.8,0,32.75,0,0,0,0,0,0,0,0,0,0,0,0,0,0,0,0,0,0,0,0,0,0,0,0,0,0,0,0,0,0,0,0,0,0,0,0,0,0,0,0,0.0311088,19.5567,-0.0125455,1,1,0,0,0,0,0,0,0,0,0,0,0,0
0.999586,0,0,-0.0287587,0.999938,0,0,0.0111666,0.999957,0,0,0.00925627,0.680754,-2.53288e-07,2.48516e-07,-0.732513,0.682082,1.92929e-07,-1.98292e-07,-0.731276,1,0,0,0,1,0,0,0,0.724926,-0.0241962,-0.0286843,-0.687803,0.724559,0.0269352,0.0315553,-0.687963,0.999155,0,0,-0.0410928,0.99918,0,0,-0.0404914,0.69573,0,0,0.718304,0.695448,0,0,0.718576,0.904414,0.6,2.82934,0.901328,0.611504,-2.96989,0.333517,5.13379,2.48568,0.328337,5.14162,-2.59011,0.2314,13.8514,1.83318,0.22791,13.854,-1.86841,0,19.8829,0,0.104039,23.4799,0,0.292611,27.6754,0,0.00244355,26.0932,3.8,0.0139928,26.092,-3.8,-0.636798,20.228,3.8,-0.603954,20.2244,-3.8,0.430434,32.6733,0,0,0,-1.72576,0,0,0.670012,0,0,0.555384,-1.7054e-05,1.67327e-05,-2.19644,1.29832e-05,-1.33441e-05,-2.08754,0,0,0,0,0,0,0.0948961,-0.202164,1.57731,-0.101821,0.204018,1.55512,0,0,-2.46626,0,0,-2.43015,0,0,0.957774,0,0,0.981281,0.187298,19.4944,-0.0124475,0,1,0,0,-7.64604e-05,0,0,-0.000152921,0,-2.0137,0,0,0,-0.00458762
0.997655,0,0,-0.0684446,0.999651,0,0,0.0264349,0.999758,0,0,0.0220062,0.639201,-9.1993e-07,9.02599e-07,-0.769039,0.642514,7.01276e-07,-7.2077e-07,-0.766274,1,0,0,0,1,0,0,0,0.749261,-0.0224277,-0.0331977,-0.661062,0.748558,0.0250438,0.0361292,-0.661611,0.995264,0,0,-0.0972139,0.995409,0,0,-0.0957151,0.678559,0,0,0.734546,0.677672,0,0,0.735364,1.18634,0.6,2.89245,1.18045,0.611285,-3.03112,0.790184,5.11922,2.53307,0.778543,5.12537,-2.63609,0.547484,13.7978,1.85333,0.539214,13.7997,-1.88817,0,19.7998,0,0.247841,23.3827,0,0.697665,27.5571,0,-0.0161062,26.0661,3.8,0.0105528,26.0589,-3.8,-1.58164,20.3776,3.8,-1.50583,20.3571,-3.8,1.02833,32.545,0,0,0,-2.38413,0,0,0.916269,0,0,0.765093,-4.59146e-05,4.50496e-05,-3.31989,3.49549e-05,-3.59265e-05,-3.16988,0,0,0,0,0,0,0.130728,-0.2785,2.1729,-0.140268,0.281053,2.14232,0,0,-3.3758,0,0,-3.32156,0,0,1.4182,0,0,1.46705,0.397,19.4331,-0.0122887,0,1,0,0,-0.000281568,0,0,-0.000563136,0,-2.49372,0,0,0,-0.0123064
0.993152,0,0,-0.116826,0.998986,0,0,0.0450239,0.999294,0,0,0.0375764,0.583882,-1.85503e-06,1.82008e-06,-0.811839,0.589849,1.41573e-06,-1.45508e-06,-0.807514,1,0,0,0,1,0,0,0,0.777615,-0.0202061,-0.0387959,-0.627217,0.776538,0.0226683,0.0417997,-0.628273,0.986266,0,0,-0.165164,0.9867,0,0,-0.162554,0.65647,0,0,0.754352,0.654709,0,0,0.755881,1.5242,0.6,2.95451,1.51578,0.608552,-3.09032,1.33956,5.09124,2.58677,1.32062,5.09311,-2.68779,0.928444,13.6824,1.88129,0.914489,13.6826,-1.91564,0,19.6173,0,0.421814,23.1677,0,1.18896,27.2928,0,-0.025985,26.0216,3.8,0.0162413,26.0006,-3.8,-2.69308,20.7588,3.80001,-2.57299,20.6991,-3.80001,1.75584,32.2571,0,0,0,-2.91571,0,0,1.11607,0,0,0.93464,-6.69041e-05,6.56437e-05,-4.19745,5.09343e-05,-5.23501e-05,-4.01419,0,0,0,0,0,0,0.159698,-0.340216,2.65441,-0.171351,0.343336,2.61707,0,0,-4.11342,0,0,-4.045,0,0,1.78013,0,0,1.84773,0.65286,19.3017,-0.0120647,0,1,0,0,-0.000580254,0,0,-0.00116051,0,-5.47296,0,0,0,-0.0179212
0.98517,0,0,-0.171582,0.99781,0,0,0.0661477,0.99847,0,0,0.0552908,0.516721,-2.91409e-06,2.85919e-06,-0.856154,0.525977,2.22736e-06,-2.28927e-06,-0.850499,1,0,0,0,1,0,0,0,0.807989,-0.0176004,-0.0452698,-0.587192,0.806539,0.0198822,0.0483542,-0.588865,0.970401,0,0,-0.241499,0.971349,0,0,-0.237657,0.630402,0,0,0.776269,0.627554,0,0,0.778573,1.89324,0.6,3.00383,1.88266,0.601986,-3.13575,1.94734,5.04718,2.6416,1.92082,5.04125,-2.74003,1.35218,13.4864,1.91752,1.3321,13.4835,-1.9513,0,19.3044,0,0.615084,22.7973,0,1.73731,26.8352,0,0.0183218,25.9493,3.80001,0.0719349,25.9052,-3.8,-3.77857,21.4333,3.80002,-3.62611,21.3079,-3.80001,2.57159,31.7575,0,0,0,-3.3205,0,0,1.26941,0,0,1.06402,-8.00225e-05,7.85149e-05,-4.82909,6.09214e-05,-6.26148e-05,-4.62048,0,0,0,0,0,0,0.181805,-0.387313,3.02188,-0.195072,0.390864,2.97935,0,0,-4.67912,0,0,-4.60045,0,0,2.04354,0,0,2.12335,0.949361,19.0772,-0.0117772,0,1,0,0,-0.000937451,0,0,-0.0018749,0,-9.38793,0,0,0,-0.0214318
0.973114,0,0,-0.230323,0.99603,0,0,0.0890163,0.997223,0,0,0.0744708,0.440453,-3.96211e-06,3.88746e-06,-0.897776,0.453526,3.0342e-06,-3.11854e-06,-0.891243,1,0,0,0,1,0,0,0,0.838532,-0.0146914,-0.0523908,-0.542129,0.836743,0.0167719,0.0555604,-0.544511,0.946541,0,0,-0.322584,0.94826,0,0,-0.317493,0.601409,0,0,0.798942,0.597337,0,0,0.80199,2.26665,0.609224,3.03049,2.25461,0.6,-3.15757,2.57651,4.9948,2.6927,2.54288,4.97707,-2.788,1.79496,13.2078,1.96187,1.76885,13.2002,-1.99504,0,18.8515,0,0.815855,22.2584,0,2.31138,26.1657,0,0.168872,25.8321,3.80001,0.224552,25.7569,-3.80001,-4.62264,22.3895,3.80003,-4.4643,22.1758,-3.80002,3.43165,31.0247,0,0,0,-3.5985,0,0,1.3763,0,0,1.15325,-8.52699e-05,8.36635e-05,-5.21486,6.49162e-05,-6.67207e-05,-4.98874,0,0,0,0,0,0,0.197051,-0.419791,3.27527,-0.21143,0.423641,3.22919,0,0,-5.0729,0,0,-4.98793,0,0,2.20846,0,0,2.29387,1.28128,18.7506,-0.0114345,0,0.999999,0,0,-0.00131809,0,0,-0.00263618,0,-13.5856,0,0,0,-0.0228384
0.95683,0,0,-0.290649,0.993613,0,0,0.112839,0.995531,0,0,0.0944374,0.358684,-4.88219e-06,4.79021e-06,-0.933459,0.375931,3.74742e-06,-3.85159e-06,-0.926647,1,0,0,0,1,0,0,0,0.867642,-0.0115738,-0.059909,-0.493431,0.865577,0.0134385,0.0631655,-0.496594,0.914428,0,0,-0.404749,0.91717,0,0,-0.398495,0.570692,0,0,0.821164,0.565347,0,0,0.824853,2.61802,0.625172,3.02805,2.60553,0.6,-3.14952,3.19007,4.93174,2.73621,3.15055,4.89831,-2.82796,2.23289,12.8428,2.01344,2.20141,12.829,-2.046,0,18.2545,0,1.01228,21.547,0,2.8797,25.2796,0,0.466589,25.6258,3.80002,0.511184,25.5158,-3.80001,-5.04117,23.5105,3.80005,-4.91435,23.1977,-3.80004,4.2919,30.0533,0,0,0,-3.74971,0,0,1.43673,0,0,1.20231,-8.26462e-05,8.10892e-05,-5.3547,6.29188e-05,-6.46678e-05,-5.11896,0,0,0,0,0,0,0.205434,-0.437649,3.41461,-0.220424,0.441663,3.36656,0,0,-5.29476,0,0,-5.20744,0,0,2.27487,0,0,2.35934,1.64094,18.3095,-0.0110512,0,0.999999,0,0,-0.0016871,0,0,-0.00337421,0,-17.9118,0,0,0,-0.0221408
0.936667,0,0,-0.350221,0.990595,0,0,0.136827,0.993422,0,0,0.114513,0.27576,-5.58194e-06,5.47678e-06,-0.961227,0.297318,4.29589e-06,-4.41531e-06,-0.954779,1,0,0,0,1,0,0,0,0.894052,-0.00835568,-0.0675569,-0.442761,0.891792,0.00999707,0.0708995,-0.446745,0.874795,0,0,-0.484493,0.878767,0,0,-0.477252,0.539606,0,0,0.841918,0.533043,0,0,0.846088,2.92427,0.645197,2.99483,2.91259,0.6,-3.1101,3.75462,4.85728,2.76983,3.711,4.80495,-2.85774,2.64406,12.3987,2.07048,2.60832,12.3775,-2.10247,0,17.5275,0,1.19363,20.6811,0,3.41338,24.201,0,0.922922,25.2822,3.80002,0.942467,25.1395,-3.80002,-4.93902,24.6131,3.80007,-4.88344,24.2074,-3.80005,5.11125,28.8698,0,0,0,-3.77413,0,0,1.4507,0,0,1.21121,-7.21515e-05,7.07922e-05,-5.24866,5.49291e-05,-5.6456e-05,-5.01118,0,0,0,0,0,0,0.206954,-0.44089,3.43989,-0.222056,0.444932,3.39148,0,0,-5.34471,0,0,-5.25896,0,0,2.24278,0,0,2.31971,2.01563,17.7524,-0.0106444,0,0.999998,0,0,-0.00200943,0,0,-0.00401885,0,-21.8107,0,0,0,-0.0193393
0.913495,0,0,-0.40685,0.987084,0,0,0.160202,0.990978,0,0,0.134026,0.196481,-5.99562e-06,5.88266e-06,-0.980508,0.222254,4.62763e-06,-4.75626e-06,-0.974989,1,0,0,0,1,0,0,0,0.916882,-0.00515588,-0.075056,-0.392004,0.914514,0.00657461,0.0784812,-0.396815,0.829364,0,0,-0.558709,0.834686,0,0,-0.550726,0.509639,0,0,0.860388,0.502028,0,0,0.864851,3.16858,0.667968,2.93416,3.15898,0.6,-3.04286,4.24389,4.77393,2.79298,4.19831,4.70076,-2.87694,3.01061,11.895,2.13046,2.97202,11.8655,-2.16199,0,16.704,0,1.35146,19.7021,0,3.88883,22.9821,0,1.50988,24.7696,3.80003,1.49324,24.6017,-3.80002,-4.34396,25.5062,3.80009,-4.39128,25.0289,-3.80006,5.85491,27.5315,0,0,0,-3.67176,0,0,1.41821,0,0,1.17995,-5.37857e-05,5.27723e-05,-4.89672,4.09472e-05,-4.20855e-05,-4.66536,0,0,0,0,0,0,0.201613,-0.42951,3.3511,-0.216325,0.433449,3.30395,0,0,-5.22274,0,0,-5.1425,0,0,2.11219,0,0,2.17502,2.38698,17.095,-0.010232,0,0.999997,0,0,-0.00224998,0,0,-0.00449997,0,-24.7022,0,0,0,-0.0144336
0.888661,0,0,-0.458565,0.983263,0,0,0.182193,0.988333,0,0,0.152311,0.125786,-6.08069e-06,5.96613e-06,-0.992057,0.155468,4.70725e-06,-4.83811e-06,-0.987841,1,0,0,0,1,0,0,0,0.935658,-0.00210059,-0.0821244,-0.343213,0.933264,0.00330587,0.0856267,-0.348819,0.780722,0,0,-0.624879,0.78741,0,0,-0.61643,0.48239,0,0,0.875957,0.474024,0,0,0.880512,3.34261,0.691696,2.85368,3.33601,0.6,-2.95567,4.64155,4.68566,2.80668,4.59602,4.59127,-2.88671,3.3204,11.3603,2.1903,3.28047,11.3222,-2.22148,0,15.8326,0,1.48051,18.6686,0,4.28989,21.6974,0,2.16344,24.0896,3.80003,2.10512,23.9068,-3.80002,-3.4011,26.0507,3.8001,-3.56693,25.5309,-3.80007,6.49689,26.1205,0,0,0,-3.4426,0,0,1.33927,0,0,1.10852,-2.75487e-05,2.70298e-05,-4.29887,2.09729e-05,-2.15559e-05,-4.08151,0,0,0,0,0,0,0.189409,-0.403511,3.14826,-0.20323,0.407212,3.10395,0,0,-4.92884,0,0,-4.85807,0,0,1.88308,0,0,1.92524,2.7327,16.3696,-0.00983002,0,0.999997,0,0,-0.00237371,0,0,-0.00474743,0,-26.1436,0,0,0,-0.00742374
0.863905,0,0,-0.503655,0.979376,0,0,0.202047,0.985666,0,0,0.168711,0.0684811,-5.80798e-06,5.69856e-06,-0.997652,0.101598,4.50886e-06,-4.6342e-06,-0.994826,1,0,0,0,1,0,0,0,0.950289,0.000680706,-0.0884846,-0.298532,0.947937,0.000329379,0.092056,-0.304863,0.732125,0,0,-0.68117,0.740066,0,0,-0.672535,0.459521,0,0,0.888167,0.450818,0,0,0.892616,3.44732,0.714361,2.76371,3.44395,0.6,-2.85909,4.94238,4.59794,2.81293,4.8984,4.48375,-2.88916,3.56774,10.83,2.24656,3.52779,10.7838,-2.27754,0,14.9721,0,1.57898,17.6516,0,4.60854,20.4366,0,2.79846,23.2869,3.80003,2.69965,23.0986,-3.80003,-2.33227,26.1999,3.8001,-2.61325,25.6643,-3.80007,7.02094,24.7362,0,0,0,-3.08665,0,0,1.21387,0,0,0.996939,6.55917e-06,-6.43562e-06,-3.45512,-4.99351e-06,5.13228e-06,-3.25964,0,0,0,0,0,0,0.170343,-0.362894,2.83135,-0.182773,0.366222,2.79151,0,0,-4.46303,0,0,-4.40565,0,0,1.55549,0,0,1.57039,3.03043,15.6252,-0.0094519,0,0.999997,0,0,-0.00234554,0,0,-0.00469109,0,-25.8137,0,0,0,0.00169006
0.841241,0,0,-0.540661,0.97572,0,0,0.219024,0.983191,0,0,0.182579,0.0291057,-5.14586e-06,5.04891e-06,-0.999576,0.0650651,4.00442e-06,-4.11574e-06,-0.997881,1,0,0,0,1,0,0,0,0.960993,0.00305872,-0.0938683,-0.260137,0.958725,-0.00221632,0.0974982,-0.267087,0.687239,0,0,-0.726431,0.696193,0,0,-0.717855,0.442723,0,0,0.896658,0.434222,0,0,0.900806,3.49232,0.733987,2.67536,3.49131,0.6,-2.76444,5.15151,4.5178,2.814,5.10965,4.3869,-2.88672,3.75296,10.3443,2.29576,3.71394,10.291,-2.32665,0,14.1878,0,1.64821,16.7284,0,4.84418,19.2969,0,3.32759,22.4439,3.80003,3.19546,22.2552,-3.80002,-1.3805,25.9998,3.80009,-1.75623,25.4631,-3.80007,7.41974,23.4867,0,0,0,-2.60391,0,0,1.04201,0,0,0.845194,4.85382e-05,-4.76238e-05,-2.36549,-3.69523e-05,3.79796e-05,-2.19973,0,0,0,0,0,0,0.144415,-0.307656,2.40038,-0.154953,0.310477,2.36661,0,0,-3.82529,0,0,-3.78527,0,0,1.12938,0,0,1.11046,3.26145,14.9231,-0.00910815,0,0.999998,0,0,-0.00213041,0,0,-0.00426082,0,-23.5316,0,0,0,0.0129081
0.822808,0,0,-0.56832,0.972621,0,0,0.232398,0.981145,0,0,0.193273,0.0119436,-4.03913e-06,3.96303e-06,-0.999929,0.0500599,3.14839e-06,-3.23591e-06,-0.998746,1,0,0,0,1,0,0,0,0.968187,0.00490682,-0.0980187,-0.230178,0.966014,-0.0041953,0.101694,-0.237607,0.649876,0,0,-0.760041,0.659484,0,0,-0.751719,0.433663,0,0,0.901075,0.426015,0,0,0.904716,3.49341,0.748818,2.59887,3.49248,0.6,-2.6822,5.28164,4.4534,2.81183,5.24128,4.31038,-2.88145,3.88078,9.94504,2.33456,3.84312,9.88623,-2.36544,0,13.5459,0,1.69167,15.9774,0,5.00124,18.3761,0,3.67674,21.6626,3.80003,3.52307,21.473,-3.80002,-0.761482,25.55,3.80007,-1.19847,25.011,-3.80005,7.69201,22.4809,0,0,0,-1.99439,0,0,0.823695,0,0,0.653284,9.83884e-05,-9.65349e-05,-1.02995,-7.49033e-05,7.69854e-05,-0.901816,0,0,0,0,0,0,0.111624,-0.237799,1.85536,-0.119769,0.239981,1.82925,0,0,-3.01565,0,0,-2.99689,0,0,0.60477,0,0,0.54544,3.41303,14.3298,-0.00880701,0,0.999999,0,0,-0.00169324,0,0,-0.00338649,0,-19.2557,0,0,0,0.0262301
0.810711,0,0,-0.585446,0.970414,0,0,0.241448,0.979764,0,0,0.200156,0.0211342,-2.38388e-06,2.33897e-06,-0.999777,0.0606123,1.85933e-06,-1.91102e-06,-0.998161,1,0,0,0,1,0,0,0,0.972322,0.00610212,-0.100688,-0.210747,0.970225,-0.00547554,0.104392,-0.218484,0.623741,0,0,-0.781631,0.633542,0,0,-0.773708,0.433938,0,0,0.900943,0.427893,0,0,0.903829,3.46855,0.757429,2.54272,3.46382,0.6,-2.62109,5.34838,4.41349,2.80768,5.30759,4.26417,-2.87469,3.95763,9.67332,2.35987,3.92118,9.6109,-2.39078,0,13.1104,0,1.71338,15.4731,0,5.08551,17.7669,0,3.79402,21.0379,3.80001,3.63439,20.8418,-3.80001,-0.630445,24.941,3.80004,-1.0844,24.3834,-3.80003,7.83808,21.8224,0,0,0,-1.25806,0,0,0.558928,0,0,0.421215,0.000156109,-0.000153169,0.551512,-0.000118847,0.00012215,0.634117,0,0,0,0,0,0,0.0719713,-0.153326,1.19627,-0.0772232,0.154732,1.17944,0,0,-2.03408,0,0,-2.04054,0,0,-0.0183392,0,0,-0.124633,3.4785,13.9082,-0.00855489,0,1,0,0,-0.000998973,0,0,-0.00199795,0,-13.0638,0,0,0,0.0416562
0.80684,0,0,-0.59077,0.969409,0,0,0.245452,0.979264,0,0,0.202588,0.0607454,-2.40479e-12,2.40479e-12,-0.998153,0.100614,2.46224e-12,0,-0.994926,1,0,0,0,1,0,0,0,0.97369,0.00652548,-0.10163,-0.203854,0.971623,-0.00592904,0.105345,-0.2117,0.612202,0,0,-0.790701,0.621654,0,0,-0.783292,0.445016,0,0,0.895523,0.441399,0,0,0.897311,3.43244,0.758734,2.51349,3.41833,0.600027,-2.58791,5.36407,4.40648,2.8021,5.3197,4.25765,-2.86711,3.98814,9.56673,2.36887,3.95228,9.50298,-2.39979,0,12.9393,0,1.71602,15.2828,0,5.09941,17.5525,0,3.65682,20.631,3.8,3.51093,20.4207,-3.8,-1.0525,24.1852,3.8,-1.46737,23.5872,-3.8,7.85414,21.6037,0,0,0,-0.394964,0,0,0.247693,0,0,0.148985,0.000221702,-0.000217525,2.37883,-0.000168782,0.000173474,2.4081,0,0,0,0,0,0,0.0254564,-0.0542311,0.423124,-0.0273138,0.0547282,0.417162,0,0,-0.880601,0,0,-0.916214,0,0,-0.739968,0,0,-0.899799,3.45645,13.7102,-0.00835756,1,1,0,0,-1.25319e-05,0,0,-2.50638e-05,0,-5.13408,0,0,0,0.0591865
0.810001,0,0,-0.586429,0.969551,0,0,0.244888,0.979544,0,0,0.201232,0.113192,-8.48792e-05,8.32797e-05,-0.993573,0.152539,6.60755e-05,-6.79122e-05,-0.988297,1,0,0,0,1,0,0,0,0.972933,0.00628935,-0.101105,-0.207699,0.970849,-0.00567609,0.104814,-0.215484,0.614306,0,0,-0.789068,0.623103,0,0,-0.782139,0.461289,0,0,0.88725,0.460107,0,0,0.887863,3.40078,1.27918,2.51117,3.37477,1.12472,-2.58327,5.34513,4.951,2.79688,5.29543,4.80739,-2.86078,3.98162,10.1336,2.36385,3.94562,10.0705,-2.39476,0,13.5302,0,1.70549,15.8954,0,5.06184,18.2059,0,3.39862,20.9863,3.80048,3.27907,20.7622,-3.80035,-1.69288,23.9673,3.80136,-2.03284,23.33,-3.801,7.77516,22.2866,0,0,0,0.322216,0,0,-0.0348723,0,0,-0.083085,-0.00746998,0.00732922,3.15913,0.00568691,-0.00584499,3.14112,0,0,0,0,0,0,-0.0141964,0.0302428,-0.235965,0.0152325,-0.03052,-0.232638,0,0,0.159795,0,0,0.111101,0,0,-1.09531,0,0,-1.25751,3.38571,14.2455,-0.00822897,0,1,0,0,0.000960562,0,0,0.00192112,0,17.7256,0,0,0,0.0583856
0.817899,0,0,-0.575362,0.970385,0,0,0.241563,0.980333,0,0,0.19735,0.185863,-0.000337911,0.000331544,-0.982576,0.22388,0.000262538,-0.000269836,-0.974617,1,0,0,0,1,0,0,0,0.970684,0.00561444,-0.0996001,-0.21868,0.968555,-0.00495317,0.103293,-0.226291,0.62475,0,0,-0.780824,0.63257,0,0,-0.774503,0.484481,0,0,0.874802,0.486304,0,0,0.87379,3.36096,1.86598,2.52364,3.31817,1.71995,-2.59376,5.29962,5.58638,2.7905,5.24221,5.45193,-2.85355,3.95126,10.867,2.34953,3.91472,10.8058,-2.38042,0,14.344,0,1.68363,16.7596,0,4.98234,19.1575,0,3.05885,21.4727,3.80173,2.98043,21.2369,-3.80125,-2.46316,23.5505,3.80492,-2.68619,22.8799,-3.80356,7.6178,23.2934,0,0,0,0.815749,0,0,-0.205708,0,0,-0.237648,-0.0210846,0.0206873,4.4109,0.0160517,-0.0164979,4.35941,0,0,0,0,0,0,-0.0406058,0.0865053,-0.674928,0.043569,-0.0872983,-0.665434,0,0,0.798365,0,0,0.729761,0,0,-1.57935,0,0,-1.78432,3.28044,14.9662,-0.00809511,0,0.999998,0,0,0.00217461,0,0,0.00434922,0,24.4149,0,0,0,0.0728429
0.829775,0,0,-0.558098,0.971813,0,0,0.235755,0.98155,0,0,0.191204,0.27538,-0.000752825,0.000738639,-0.961335,0.31122,0.000583505,-0.000599725,-0.950338,1,0,0,0,1,0,0,0,0.966868,0.00454842,-0.0972161,-0.235996,0.964675,-0.00381147,0.100883,-0.243332,0.642421,0,0,-0.766352,0.649,0,0,-0.760788,0.5135,0,0,0.85809,0.51875,0,0,0.854926,3.3076,2.51474,2.54896,3.2433,2.38079,-2.61745,5.22437,6.30462,2.78297,5.15723,6.18268,-2.84542,3.89629,11.7488,2.327,3.85894,11.6907,-2.35788,0,15.3556,0,1.64925,17.8462,0,4.8594,20.371,0,2.72404,22.0498,3.80333,2.69877,21.8112,-3.80235,-3.11572,22.8907,3.80947,-3.18758,22.2124,-3.8067,7.38287,24.583,0,0,0,1.25729,0,0,-0.358855,0,0,-0.375954,-0.0321427,0.031537,5.52216,0.0244703,-0.0251505,5.44101,0,0,0,0,0,0,-0.0642373,0.13685,-1.06772,0.068925,-0.138105,-1.0527,0,0,1.37048,0,0,1.28416,0,0,-2.00933,0,0,-2.25206,3.15931,15.8463,-0.00796674,0,0.999994,0,0,0.00360108,0,0,0.00720218,0,30.3472,0,0,0,0.0855887
0.844779,0,0,-0.535116,0.973722,0,0,0.227741,0.983104,0,0,0.183051,0.377597,-0.00132139,0.00129649,-0.925968,0.410414,0.00102151,-0.0010499,-0.911898,1,0,0,0,1,0,0,0,0.96133,0.00314004,-0.0940515,-0.258821,0.959066,-0.00230337,0.0976834,-0.265792,0.666066,0,0,-0.745893,0.671211,0,0,-0.741266,0.547197,0,0,0.837004,0.55614,0,0,0.831089,3.23356,3.22349,2.58491,3.14331,3.10469,-2.65215,5.11403,7.0997,2.77425,5.03563,6.99301,-2.8364,3.81466,12.7621,2.29746,3.77647,12.7081,-2.32835,0,16.5396,0,1.60053,19.1256,0,4.69007,21.8086,0,2.4914,22.7059,3.8047,2.52571,22.48,-3.8032,-3.36959,22.0286,3.81336,-3.27201,21.3862,-3.80911,7.0695,26.1123,0,0,0,1.64683,0,0,-0.494311,0,0,-0.497999,-0.0406444,0.0398785,6.49299,0.0309426,-0.0318028,6.38592,0,0,0,0,0,0,-0.085091,0.181276,-1.41434,0.0913004,-0.182938,-1.39444,0,0,1.87609,0,0,1.77433,0,0,-2.38521,0,0,-2.6607,3.04233,16.8665,-0.00786259,0,0.999986,0,0,0.00521145,0,0,0.0104229,0,35.5227,0,0,0,0.096623
0.862011,0,0,-0.506889,0.975994,0,0,0.217796,0.984896,0,0,0.173148,0.487525,-0.00202787,0.00198965,-0.873104,0.516543,0.00156345,-0.00160691,-0.856259,1,0,0,0,1,0,0,0,0.953882,0.00143916,-0.090207,-0.286305,0.951551,-0.000482463,0.0937971,-0.292834,0.694345,0,0,-0.719643,0.697937,0,0,-0.716159,0.584391,0,0,0.811472,0.597119,0,0,0.802153,3.13132,3.992,2.62891,3.01107,3.89086,-2.69537,4.96261,7.96711,2.76419,4.87191,7.87773,-2.82635,3.70394,13.8906,2.26215,3.66509,13.8414,-2.29309,0,17.871,0,1.53552,20.5677,0,4.47119,23.4317,0,2.45111,23.4721,3.80512,2.54294,23.278,-3.80326,-2.96357,21.1288,3.81457,-2.70242,20.5769,-3.80926,6.67667,27.8368,0,0,0,1.98437,0,0,-0.612079,0,0,-0.603789,-0.0465896,0.0457116,7.32334,0.0354687,-0.0364546,7.19416,0,0,0,0,0,0,-0.103167,0.219783,-1.71478,0.110695,-0.221798,-1.69066,0,0,2.31524,0,0,2.20026,0,0,-2.70706,0,0,-3.01025,2.94728,18.0173,-0.00780844,0,0.999976,0,0,0.00697718,0,0,0.0139545,0,39.9412,0,0,0,0.105946
0.880567,0,0,-0.473922,0.978511,0,0,0.206196,0.986831,0,0,0.161756,0.599439,-0.00284503,0.00279142,-0.80041,0.624038,0.00218776,-0.00224857,-0.781388,1,0,0,0,1,0,0,0,0.944343,-0.00050315,-0.0857858,-0.317581,0.941965,0.00159645,0.0893279,-0.323603,0.725876,0,0,-0.687826,0.727871,0,0,-0.685714,0.62389,0,0,0.781512,0.640321,0,0,0.768107,2.99416,4.82115,2.67798,2.84041,4.73958,-2.74427,4.76477,8.90342,2.75252,4.66125,8.83267,-2.8151,3.56205,15.1182,2.22242,3.52292,15.0746,-2.25348,0,19.3244,0,1.4526,22.1421,0,4.2005,25.2006,0,2.66087,24.424,3.80386,2.79828,24.2801,-3.80196,-1.73074,20.484,3.81099,-1.33996,20.0747,-3.80557,6.20466,29.7112,0,0,0,2.26991,0,0,-0.712155,0,0,-0.693319,-0.0499782,0.0490365,8.01322,0.0380485,-0.0391062,7.8657,0,0,0,0,0,0,-0.118464,0.252374,-1.96905,0.127109,-0.254687,-1.94135,0,0,2.6879,0,0,2.56194,0,0,-2.97484,0,0,-3.30072,2.88466,19.2991,-0.00783478,0,0.999961,0,0,0.00886973,0,0,0.0177397,0,43.6028,0,0,0,0.113557
0.899568,0,0,-0.43678,0.981155,0,0,0.193221,0.988817,0,0,0.149135,0.70718,-0.00373222,0.00366189,-0.707015,0.726973,0.00286304,-0.00294262,-0.686654,1,0,0,0,1,0,0,0,0.932582,-0.0026349,-0.0808945,-0.351768,0.930187,0.0038776,0.0843835,-0.357235,0.759281,0,0,-0.650762,0.759711,0,0,-0.650261,0.664521,0,0,0.747269,0.684403,0,0,0.729104,2.81723,5.71211,2.72886,2.62708,5.65138,-2.79577,4.51693,9.9056,2.73888,4.40055,9.85407,-2.80234,3.38782,16.4295,2.17967,3.34899,16.3919,-2.21091,0,20.8747,0,1.35088,23.8179,0,3.8776,27.0753,0,3.12043,25.6658,3.80031,3.28286,25.5844,-3.79889,0.327149,20.4689,3.80089,0.789065,20.2373,-3.79685,5.65609,31.69,0,0,0,2.50344,0,0,-0.794544,0,0,-0.766589,-0.0508105,0.049853,8.56264,0.038682,-0.0397573,8.40057,0,0,0,0,0,0,-0.130984,0.279044,-2.17714,0.140542,-0.281602,-2.14651,0,0,2.99407,0,0,2.85938,0,0,-3.18855,0,0,-3.53209,2.85254,20.7184,-0.00797145,0,0.999941,0,0,0.0108606,0,0,0.0217216,0,46.5076,0,0,0,0.119456
0.918207,0,0,-0.3961,0.983822,0,0,0.179151,0.990771,0,0,0.135548,0.804606,-0.00463574,0.00454839,-0.593774,0.8195,0.00354846,-0.0036471,-0.573057,1,0,0,0,1,0,0,0,0.918543,-0.00490354,-0.075643,-0.387987,0.916169,0.00630471,0.0790748,-0.392864,0.793236,0,0,-0.608915,0.792204,0,0,-0.610257,0.705165,0,0,0.709043,0.728085,0,0,0.685487,2.59816,6.66541,2.77815,2.3695,6.62617,-2.84665,4.21808,10.9703,2.72289,4.08921,10.9378,-2.78775,3.18152,17.8087,2.13532,3.1437,17.7773,-2.16681,0,22.4966,0,1.23046,25.5646,0,3.50453,29.0162,0,3.75706,27.2983,3.79419,3.91948,27.2814,-3.79389,2.99707,21.4474,3.78349,3.45894,21.3994,-3.78261,5.03668,33.7284,0,0,0,2.68499,0,0,-0.859244,0,0,-0.823604,-0.0490862,0.0481612,8.97161,0.0373694,-0.0384082,8.79875,0,0,0,0,0,0,-0.140725,0.299798,-2.33906,0.150995,-0.302547,-2.30615,0,0,3.23379,0,0,3.09259,0,0,-3.34821,0,0,-3.70438,2.83386,22.2802,-0.00823954,0,0.999916,0,0,0.0129212,0,0,0.025843,0,48.6555,0,0,0,0.123644
0.935771,0,0,-0.352609,0.986415,0,0,0.164271,0.992621,0,0,0.121262,0.886157,-0.00549182,0.00538833,-0.463321,0.896375,0.00419595,-0.00431259,-0.443255,1,0,0,0,1,0,0,0,0.902269,-0.00725662,-0.070144,-0.425368,0.899962,0.00882165,0.0735153,-0.429636,0.826515,0,0,-0.562915,0.82419,0,0,-0.566313,0.74479,0,0,0.667299,0.770197,0,0,0.637806,2.33749,7.67991,2.82256,2.06905,7.66215,-2.89376,3.87025,12.093,2.70418,3.72962,12.0785,-2.77101,2.94515,19.2398,2.09074,2.90911,19.2145,-2.12256,0,24.1648,0,1.09262,27.3514,0,3.08618,30.9845,0,4.43198,29.3785,3.78573,4.57093,29.4168,-3.78716,5.87234,23.657,3.75941,6.26748,23.766,-3.76349,4.35569,35.7835,0,0,0,2.81452,0,0,-0.906251,0,0,-0.864357,-0.0448054,0.0439612,9.2401,0.0341104,-0.0350586,9.06024,0,0,0,0,0,0,-0.147689,0.314632,-2.4548,0.158466,-0.317518,-2.42027,0,0,3.40699,0,0,3.26156,0,0,-3.4538,0,0,-3.81757,2.79841,23.9792,-0.00864404,0,0.999887,0,0,0.015023,0,0,0.0300471,0,50.0464,0,0,0,0.126121
0.951674,0,0,-0.307112,0.988857,0,0,0.14887,0.994308,0,0,0.106544,0.947417,-0.00623143,0.006114,-0.319882,0.953479,0.00475381,-0.00488596,-0.301384,1,0,0,0,1,0,0,0,0.883918,-0.00964256,-0.0645117,-0.46307,0.881725,0.0113733,0.0678203,-0.466725,0.858045,0,0,-0.513575,0.854649,0,0,-0.519205,0.782482,0,0,0.622673,0.809722,0,0,0.586813,2.03887,8.7518,2.85922,1.73021,8.75488,-2.93432,3.47872,13.2668,2.68251,3.32731,13.2688,-2.7519,2.68251,20.7056,2.04725,2.64902,20.6862,-2.07945,0,25.8541,0,0.939818,29.1487,0,2.63033,32.9433,0,4.97052,31.8872,3.77569,5.06993,31.9624,-3.77935,8.43835,27.1141,3.73085,8.72104,27.328,-3.74129,3.62587,37.8149,0,0,0,2.89206,0,0,-0.935575,0,0,-0.888855,-0.0379682,0.0372527,9.36814,0.0289053,-0.0297087,9.18505,0,0,0,0,0,0,-0.151875,0.323549,-2.52438,0.162957,-0.326516,-2.48886,0,0,3.51374,0,0,3.36628,0,0,-3.50532,0,0,-3.87169,2.70976,25.7927,-0.00916927,0,0.999853,0,0,0.0171375,0,0,0.0342766,0,50.6804,0,0,0,0.126886
0.965477,0,0,-0.26049,0.991084,0,0,0.133242,0.99579,0,0,0.0916663,0.985593,-0.00678646,0.00665858,-0.168866,0.988251,0.00517115,-0.00531489,-0.152659,1,0,0,0,1,0,0,0,0.86377,-0.0120116,-0.0588599,-0.500293,0.861738,0.0139066,0.0621045,-0.503346,0.886943,0,0,-0.461879,0.882737,0,0,-0.469868,0.81748,0,0,0.575957,0.845833,0,0,0.533449,1.70875,9.87355,2.88593,1.36035,9.89627,-2.96613,3.05188,14.4819,2.65787,2.8908,14.4983,-2.73034,2.39918,22.188,2.00597,2.36893,22.1738,-2.03861,0,27.5394,0,0.775642,30.9274,0,2.14733,34.8583,0,5.2083,34.7175,3.76533,5.26283,34.8075,-3.77144,10.2044,31.5799,3.70142,10.3595,31.8357,-3.71877,2.86308,39.7861,0,0,0,2.91759,0,0,-0.947205,0,0,-0.897092,-0.0285745,0.028036,9.35569,0.0217537,-0.0223584,9.17318,0,0,0,0,0,0,-0.153282,0.326548,-2.54777,0.164467,-0.329542,-2.51192,0,0,3.55399,0,0,3.40676,0,0,-3.50279,0,0,-3.8667,2.53565,27.6779,-0.00977888,0,0.999815,0,0,0.0192361,0,0,0.0384746,0,50.5576,0,0,0,0.125939
0.976903,0,0,-0.213684,0.993052,0,0,0.11768,0.997039,0,0,0.0769013,0.999818,-0.00709588,0.00696216,-0.0163003,0.999966,0.00540237,-0.00555254,-0.00284949,1,0,0,0,1,0,0,0,0.842224,-0.0143166,-0.0533006,-0.536295,0.840397,0.0163711,0.0564809,-0.538771,0.912551,0,0,-0.408962,0.907813,0,0,-0.419376,0.849194,0,0,0.52808,0.87792,0,0,0.478807,1.35608,11.0332,2.90144,0.969214,11.0739,-2.98782,2.60079,15.7247,2.63051,2.43121,15.7529,-2.70652,2.10223,23.6666,1.96786,2.07581,23.6571,-2.00095,0,29.1953,0,0.604555,32.6598,0,1.64961,36.6982,0,5.03734,37.6914,3.75619,5.05215,37.7764,-3.76456,10.8362,36.6068,3.67542,10.8783,36.8483,-3.69923,2.08559,41.6647,0,0,0,2.89112,0,0,-0.941148,0,0,-0.889071,-0.0166243,0.016311,9.20281,0.0126561,-0.0130079,9.02462,0,0,0,0,0,0,-0.151911,0.323629,-2.52499,0.162997,-0.326596,-2.48947,0,0,3.52778,0,0,3.38301,0,0,-3.44619,0,0,-3.80265,2.25801,29.576,-0.0104214,0,0.999773,0,0,0.0212904,0,0,0.0425839,0,49.6778,0,0,0,0.123281
0.985843,0,0,-0.167671,0.994735,0,0,0.102483,0.998043,0,0,0.0625233,0.991226,-0.00711073,0.00697674,0.131803,0.98979,0.00541081,-0.00556121,0.14232,1,0,0,0,1,0,0,0,0.819798,-0.0165137,-0.0479423,-0.570404,0.818211,0.0187204,0.0510591,-0.57234,0.934457,0,0,-0.356076,0.929463,0,0,-0.368915,0.877224,0,0,0.48008,0.905614,0,0,0.424102,0.991649,12.2137,2.90555,0.56836,12.2703,-2.99896,2.13858,16.9772,2.60099,1.96162,17.0144,-2.68089,1.79995,25.1195,1.93363,1.77775,25.1139,-1.96717,0,30.7967,0,0.431625,34.3194,0,1.1509,38.4353,0,4.43518,40.5999,3.74974,4.42248,40.6668,-3.75984,10.24,41.6516,3.65708,10.2038,41.8418,-3.6858,1.31315,43.4231,0,0,0,2.81266,0,0,-0.917401,0,0,-0.864792,-0.00211766,0.00207776,8.90944,0.00161212,-0.00165693,8.73937,0,0,0,0,0,0,-0.147763,0.31479,-2.45604,0.158546,-0.317677,-2.42148,0,0,3.43508,0,0,3.29501,0,0,-3.33552,0,0,-3.67948,1.87899,31.4213,-0.0110386,0,0.999729,0,0,0.0232717,0,0,0.0465476,0,48.041,0,0,0,0.118911
0.992351,0,0,-0.123448,0.996125,0,0,0.0879502,0.998808,0,0,0.0488072,0.962799,-0.00679695,0.00666887,0.27005,0.960631,0.00517072,-0.00531445,0.277728,1,0,0,0,1,0,0,0,0.79711,-0.0185634,-0.0428881,-0.602023,0.795789,0.0209118,0.0459433,-0.603467,0.952496,0,0,-0.304551,0.947503,0,0,-0.319746,0.901359,0,0,0.433073,0.928782,0,0,0.370626,0.627414,13.3931,2.89915,0.170367,13.4633,-3.00012,1.67965,18.2167,2.5702,1.49638,18.2602,-2.65413,1.50133,26.5226,1.90372,1.48354,26.52,-1.93771,0,32.3182,0,0.26218,35.8811,0,0.665493,40.0456,0,3.4667,43.251,3.74716,3.44081,43.2951,-3.75814,8.56921,46.2116,3.64974,8.49559,46.3371,-3.68095,0.56603,45.0389,0,0,0,2.68218,0,0,-0.875961,0,0,-0.824253,0.0149456,-0.014664,8.47561,-0.011378,0.0116944,8.31745,0,0,0,0,0,0,-0.140836,0.300034,-2.34091,0.151114,-0.302786,-2.30797,0,0,3.27589,0,0,3.14278,0,0,-3.1708,0,0,-3.49725,1.42085,33.1516,-0.0115769,0,0.999684,0,0,0.0251517,0,0,0.0503086,0,45.6474,0,0,0,0.11283
0.996632,0,0,-0.0820097,0.99723,0,0,0.0743813,0.999351,0,0,0.0360278,0.91901,-0.00613523,0.00601962,0.394141,0.916801,0.00466718,-0.00479692,0.399289,1,0,0,0,1,0,0,0,0.774864,-0.0204299,-0.038235,-0.63064,0.773822,0.0229077,0.0412318,-0.631645,0.966741,0,0,-0.255757,0.961965,0,0,-0.273173,0.921567,0,0,0.38822,0.947517,0,0,0.319704,0.275745,14.544,2.88408,-0.211874,14.6255,-2.99278,1.23895,19.4164,2.53924,1.05028,19.4637,-2.6272,1.21569,27.8496,1.87835,1.20228,27.8492,-1.91274,0,33.7348,0,0.101495,37.3213,0,0.207409,41.5085,0,2.26049,45.5085,3.74912,2.2335,45.5322,-3.75993,6.15944,49.9356,3.65531,6.08267,50.003,-3.68604,-0.13597,46.4935,0,0,0,2.49972,0,0,-0.81684,0,0,-0.76746,0.0345654,-0.033914,7.90132,-0.0263146,0.027046,7.75884,0,0,0,0,0,0,-0.131132,0.279361,-2.17961,0.140701,-0.281922,-2.14894,0,0,3.05023,0,0,2.92631,0,0,-2.95202,0,0,-3.25591,0.920209,34.7175,-0.0119938,0,0.999638,0,0,0.0269017,0,0,0.0538098,0,42.4971,0,0,0,0.105037
0.999017,0,0,-0.0443333,0.998071,0,0,0.0620764,0.999701,0,0,0.0244598,0.86534,-0.00511788,0.00502144,0.501134,0.863563,0.00389378,-0.00400202,0.50421,1,0,0,0,1,0,0,0,0.75383,-0.022082,-0.0340738,-0.655813,0.753065,0.0246742,0.0370169,-0.656441,0.977472,0,0,-0.211063,0.973071,0,0,-0.230505,0.937977,0,0,0.346697,0.96211,0,0,0.272663,-0.0511779,15.6351,2.86295,-0.565805,15.7257,-2.97912,0.831257,20.5453,2.50942,0.637976,20.5943,-2.6012,0.952255,29.0725,1.85749,0.942984,29.0737,-1.89225,0,35.0211,0,-0.0454812,38.6173,0,-0.210187,42.8061,0,0.971306,47.3098,3.75578,0.950608,47.3193,-3.76532,3.42226,52.676,3.67424,3.3634,52.703,-3.70137,-0.774212,47.7727,0,0,0,2.26525,0,0,-0.740021,0,0,-0.694403,0.0567411,-0.055672,7.18657,-0.0431971,0.0443979,7.06353,0,0,0,0,0,0,-0.118649,0.252768,-1.97212,0.127307,-0.255085,-1.94438,0,0,2.75808,0,0,2.64558,0,0,-2.67915,0,0,-2.95549,0.419209,36.0855,-0.0122616,0,0.999594,0,0,0.0284933,0,0,0.0569943,0,38.5895,0,0,0,0.0955325
0.999935,0,0,-0.011368,0.998681,0,0,0.0513351,0.999897,0,0,0.0143769,0.807755,-0.00374288,0.00367235,0.589494,0.806644,0.0028483,-0.00292748,0.591024,1,0,0,0,1,0,0,0,0.734819,-0.0234915,-0.030489,-0.67717,0.734313,0.0261816,0.0333845,-0.677484,0.985129,0,0,-0.171814,0.981192,0,0,-0.193034,0.950845,0,0,0.309667,0.973003,0,0,0.230794,-0.34191,16.6313,2.83886,-0.879675,16.729,-2.96185,0.47061,21.5696,2.48212,0.273416,21.6187,-2.57733,0.719846,30.162,1.84097,0.714283,30.1641,-1.87605,0,36.152,0,-0.174292,39.7475,0,-0.575389,43.9229,0,-0.256532,48.6609,3.76689,-0.268465,48.663,-3.77411,0.742382,54.4754,3.70586,0.708447,54.4813,-3.72638,-1.3317,48.8648,0,0,0,1.97877,0,0,-0.645518,0,0,-0.605089,0.0814738,-0.0799384,6.33134,-0.062026,0.0637502,6.23156,0,0,0,0,0,0,-0.103389,0.220256,-1.71848,0.110933,-0.222277,-1.6943,0,0,2.39946,0,0,2.30063,0,0,-2.35224,0,0,-2.59598,-0.0428932,37.2378,-0.0123658,0,0.999553,0,0,0.029898,0,0,0.0598048,0,33.9252,0,0,0,0.0843165
0.999873,0,0,0.0159694,0.999098,0,0,0.0424561,0.999982,0,0,0.00605201,0.75222,-0.00200606,0.00196826,0.658906,0.751774,0.00152696,-0.0015694,0.659418,1,0,0,0,1,0,0,0,0.718657,-0.0246332,-0.0275607,-0.694381,0.718378,0.0274026,0.0304163,-0.694447,0.990249,0,0,-0.139311,0.986789,0,0,-0.162012,0.960504,0,0,0.278266,0.980736,0,0,0.195339,-0.58598,17.4957,2.81511,-1.1428,17.5988,-2.94389,0.170057,22.4536,2.45874,-0.0304328,22.5018,-2.55683,0.526732,31.088,1.82851,0.524279,31.0905,-1.86383,0,37.1021,0,-0.281034,40.6907,0,-0.877665,44.8443,0,-1.31297,49.6152,3.78206,-1.31732,49.615,-3.786,-1.59015,55.5085,3.749,-1.60252,55.508,-3.7602,-1.79318,49.7597,0,0,0,1.6403,0,0,-0.533327,0,0,-0.49952,0.108763,-0.106713,5.33566,-0.0828013,0.0851029,5.26289,0,0,0,0,0,0,-0.0853512,0.181829,-1.41866,0.0915791,-0.183496,-1.39869,0,0,1.97436,0,0,1.89143,0,0,-1.97127,0,0,-2.17739,-0.4352,38.1666,-0.0122998,0,0.999517,0,0,0.0310872,0,0,0.0621844,0,28.504,0,0,0,0.0713887
0.999323,0,0,0.0367923,0.999361,0,0,0.0357373,1,0,0,-0.000242742,0.704302,0.000107934,-0.000105901,0.7099,0.704315,-8.21712e-05,8.44553e-05,0.709887,1,0,0,0,1,0,0,0,0.706163,-0.0254829,-0.0253661,-0.707136,0.706062,0.0283115,0.0281913,-0.707022,0.993389,0,0,-0.114799,0.990342,0,0,-0.138648,0.967313,0,0,0.253585,0.985875,0,0,0.167482,-0.773976,18.1905,2.7949,-1.34563,18.2979,-2.92812,-0.058448,23.161,2.44059,-0.261669,23.2081,-2.54087,0.380576,31.8198,1.8198,0.38049,31.8225,-1.8553,0,37.8463,0,-0.362295,41.4256,0,-1.10768,45.5562,0,-2.12914,50.2463,3.80097,-2.12902,50.2463,-3.80075,-3.39989,56.0078,3.80275,-3.39956,56.0079,-3.80214,-2.14491,50.4475,0,0,0,1.24983,0,0,-0.403442,0,0,-0.377687,0.138609,-0.135997,4.19952,-0.105523,0.108456,4.15759,0,0,0,0,0,0,-0.0645341,0.137483,-1.07265,0.0692437,-0.138743,-1.05757,0,0,1.48277,0,0,1.41799,0,0,-1.53624,0,0,-1.69971,-0.736697,38.8691,-0.0120573,1,0.999487,0,0,0.0320326,0,0,0.0640761,0,22.326,0,0,0,0.0567505
0.99834,0,0,0.0576025,0.999574,0,0,0.029183,0.999978,0,0,-0.00668927,0.652123,0.00401022,-0.00393465,0.758093,0.652168,-0.00305304,0.00313791,0.758062,1,0,0,0,1,0,0,0,0.693127,-0.0263407,-0.0231368,-0.719963,0.693215,0.0292291,0.0259305,-0.719671,0.995962,0,0,-0.0897785,0.993385,0,0,-0.114827,0.973791,0,0,0.227446,0.990433,0,0,0.137994,-0.969307,18.94,2.77233,-1.55649,19.0519,-2.91012,-0.29321,23.9212,2.42164,-0.499463,23.9666,-2.52418,0.231,32.5986,1.81151,0.233345,32.6013,-1.8472,0,38.6324,0,-0.443568,42.199,0,-1.33813,46.3008,0,-2.93385,50.8149,3.83588,-2.93356,50.8151,-3.82791,-5.17548,56.2721,3.90203,-5.17463,56.2726,-3.87937,-2.49806,51.1643,0,0,0,1.25003,0,0,-0.393462,0,0,-0.386795,0.265881,-0.260871,4.26212,-0.202416,0.208042,4.26017,0,0,0,0,0,0,-0.06609,0.140796,-1.09851,0.0709129,-0.142087,-1.08306,0,0,1.50917,0,0,1.4409,0,0,-1.61582,0,0,-1.79032,-1.03786,39.5901,-0.0114043,0,0.999454,0,0,0.0330437,0,0,0.0660993,0,23.5842,0,0,0,0.0606968
0.997301,0,0,0.0734204,0.999702,0,0,0.0244289,0.999928,0,0,-0.0119612,0.611595,0.0092308,-0.00905685,0.791065,0.610937,-0.00702553,0.00722082,0.791615,1,0,0,0,1,0,0,0,0.682288,-0.0270326,-0.0213279,-0.730272,0.682536,0.0299694,0.0240955,-0.72984,0.997598,0,0,-0.0692734,0.995449,0,0,-0.0952961,0.978563,0,0,0.205947,0.993505,0,0,0.113787,-1.12924,19.5631,2.75256,-1.72883,19.6785,-2.89416,-0.485487,24.5515,2.40591,-0.694212,24.5953,-2.51032,0.108492,33.2395,1.80521,0.112823,33.2421,-1.84104,0,39.2754,0,-0.505409,42.8299,0,-1.51427,46.9057,0,-3.51549,51.2295,3.88218,-3.52043,51.2271,-3.86383,-6.43661,56.3533,4.03371,-6.45067,56.3467,-3.98151,-2.76835,51.7455,0,0,0,0.951127,0,0,-0.285353,0,0,-0.316327,0.365855,-0.358961,3.13244,-0.278526,0.286268,3.18831,0,0,0,0,0,0,-0.0540495,0.115146,-0.898383,0.0579936,-0.116201,-0.88574,0,0,1.23424,0,0,1.1784,0,0,-1.3214,0,0,-1.4641,-1.2644,40.169,-0.0104034,0,0.999426,0,0,0.0338705,0,0,0.0677539,0,19.2878,0,0,0,0.0496365
0.996409,0,0,0.084667,0.999774,0,0,0.0212818,0.999871,0,0,-0.0160847,0.583136,0.015502,-0.0152098,0.812084,0.58113,-0.0117918,0.0121196,0.813635,1,0,0,0,1,0,0,0,0.6737,-0.0275678,-0.0199221,-0.738222,0.674075,0.030542,0.0226692,-0.737683,0.998583,0,0,-0.0532129,0.996795,0,0,-0.0799924,0.981966,0,0,0.18906,0.995496,0,0,0.0948052,-1.25432,20.057,2.7363,-1.86341,20.1748,-2.88091,-0.635937,25.05,2.39349,-0.846589,25.0922,-2.49935,0.0126212,33.7433,1.80058,0.018503,33.7458,-1.83652,0,39.7783,0,-0.549578,43.323,0,-1.64088,47.3778,0,-3.90734,51.5417,3.93733,-3.9212,51.5334,-3.90648,-7.26762,56.3846,4.19054,-7.30702,56.3612,-4.1028,-2.96299,52.1992,0,0,0,0.676913,0,0,-0.188875,0,0,-0.247437,0.446706,-0.438288,2.11645,-0.340078,0.349531,2.21972,0,0,0,0,0,0,-0.0422787,0.0900692,-0.702732,0.045364,-0.0908948,-0.692843,0,0,0.965453,0,0,0.92178,0,0,-1.03358,0,0,-1.1452,-1.42507,40.6198,-0.00911494,0,0.999404,0,0,0.0345172,0,0,0.069048,0,15.0871,0,0,0,0.0388239
0.995781,0,0,0.0917623,0.999809,0,0,0.0195483,0.999818,0,0,-0.0190863,0.566269,0.0226025,-0.0221766,0.823612,0.562425,-0.0171796,0.0176572,0.826481,1,0,0,0,1,0,0,0,0.667388,-0.027954,-0.0189039,-0.743945,0.667858,0.0309552,0.0216359,-0.74333,0.999138,0,0,-0.0415124,0.997628,0,0,-0.0688395,0.984259,0,0,0.176732,0.996717,0,0,0.0809654,-1.3453,20.42,2.72404,-1.9612,20.5395,-2.87085,-0.745427,25.4159,2.38438,-0.957484,25.4568,-2.4913,-0.0571623,34.1115,1.79737,-0.0501547,34.1138,-1.83339,0,40.1444,0,-0.577784,43.6823,0,-1.72258,47.7225,0,-4.14109,51.7786,3.99951,-4.16649,51.7619,-3.95443,-7.74854,56.4328,4.36736,-7.82078,56.3852,-4.23916,-3.08892,52.5312,0,0,0,0.42739,0,0,-0.10403,0,0,-0.180126,0.508435,-0.498854,1.21417,-0.387072,0.397831,1.35441,0,0,0,0,0,0,-0.0307775,0.0655676,-0.511565,0.0330234,-0.0661683,-0.504366,0,0,0.702825,0,0,0.671035,0,0,-0.752369,0,0,-0.83362,-1.52834,40.9507,-0.00758295,0,0.999388,0,0,0.0349879,0,0,0.06999,0,10.983,0,0,0,0.0282606
0.995465,0,0,0.0951235,0.999819,0,0,0.0190348,0.99978,0,0,-0.0209925,0.559936,0.030335,-0.0297634,0.827445,0.55395,-0.023036,0.0236763,0.831894,1,0,0,0,1,0,0,0,0.663354,-0.0281978,-0.0182595,-0.747551,0.663884,0.031216,0.020982,-0.746889,0.999419,0,0,-0.0340785,0.998092,0,0,-0.0617519,0.985635,0,0,0.168889,0.997392,0,0,0.0721687,-1.40303,20.6521,2.71606,-2.02321,20.7727,-2.86428,-0.814928,25.6496,2.37856,-1.02788,25.6895,-2.48617,-0.101466,34.3458,1.79541,-0.0937462,34.348,-1.83148,0,40.3769,0,-0.591652,43.9114,0,-1.76375,47.9437,0,-4.24243,51.9506,4.0673,-4.28157,51.9242,-4.00659,-7.94297,56.5193,4.56014,-8.05427,56.4444,-4.38748,-3.15273,52.7458,0,0,0,0.202555,0,0,-0.0308174,0,0,-0.114392,0.551041,-0.540657,0.425577,-0.419508,0.431169,0.592357,0,0,0,0,0,0,-0.0195461,0.04164,-0.32488,0.0209722,-0.0420214,-0.320309,0,0,0.446352,0,0,0.426165,0,0,-0.477765,0,0,-0.529359,-1.58136,41.1662,-0.00584562,0,0.999377,0,0,0.0352868,0,0,0.0705882,0,6.97483,0,0,0,0.0179446
0.995462,0,0,0.0951635,0.999809,0,0,0.0195474,0.999762,0,0,-0.0218296,0.562722,0.0385047,-0.0377791,0.824884,0.554479,-0.0292122,0.0300242,0.831143,1,0,0,0,1,0,0,0,0.661576,-0.0283044,-0.0179771,-0.749128,0.662133,0.0313302,0.0206954,-0.748445,0.999525,0,0,-0.030813,0.998279,0,0,-0.0586381,0.98622,0,0,0.165442,0.997665,0,0,0.0683047,-1.42837,20.7544,2.71252,-2.0504,20.8754,-2.86136,-0.845439,25.7526,2.376,-1.05878,25.7921,-2.48391,-0.120919,34.4489,1.79456,-0.112886,34.4511,-1.83065,0,40.479,0,-0.59272,44.0133,0,-1.76855,48.0445,0,-4.23074,52.0569,4.13933,-4.28567,52.0214,-4.06193,-7.89703,56.6369,4.76498,-8.05324,56.5361,-4.54488,-3.1607,52.8456,0,0,0,0.00240996,0,0,0.0307636,0,0,-0.050237,0.574524,-0.563698,-0.249324,-0.437386,0.449544,-0.0664115,0,0,0,0,0,0,-0.00858396,0.0182871,-0.142676,0.00921026,-0.0184543,-0.140666,0,0,0.196034,0,0,0.187172,0,0,-0.209765,0,0,-0.232415,-1.5898,41.2682,-0.00394577,0,0.999373,0,0,0.035418,0,0,0.0708508,0,3.06313,0,0,0,0.00787765
0.995732,0,0,0.0922921,0.999782,0,0,0.0208923,0.999766,0,0,-0.021624,0.573003,0.0469018,-0.046018,0.816915,0.562574,-0.0355509,0.0365392,0.825174,1,0,0,0,1,0,0,0,0.662013,-0.0282783,-0.0180464,-0.748741,0.662563,0.0313022,0.0207657,-0.748063,0.9995,0,0,-0.0316148,0.998234,0,0,-0.0594025,0.986077,0,0,0.166291,0.997599,0,0,0.0692559,-1.42214,20.7292,2.71339,-2.04371,20.8502,-2.86208,-0.837948,25.7272,2.37663,-1.05119,25.7669,-2.48446,-0.116144,34.4236,1.79477,-0.108186,34.4257,-1.83085,0,40.4539,0,-0.582453,43.9909,0,-1.74093,48.027,0,-4.12068,52.09,4.21397,-4.19323,52.0476,-4.11931,-7.64384,56.7606,4.97724,-7.85013,56.64,-4.70803,-3.11882,52.8322,0,0,0,-0.173044,0,0,0.0807121,0,0,0.0123399,0.578886,-0.567977,-0.810521,-0.440706,0.452957,-0.621915,0,0,0,0,0,0,0.00210822,-0.00449158,0.0350368,-0.002262,0.00453304,0.0345504,0,0,-0.0481298,0,0,-0.0459458,0,0,0.0516334,0,0,0.0572111,-1.55816,41.2574,-0.00193783,0,0.999374,0,0,0.0353857,0,0,0.0707861,0,-0.752563,0,0,0,-0.00194103
0.996216,0,0,0.086917,0.999738,0,0,0.0228757,0.999792,0,0,-0.0204019,0.589058,0.0552904,-0.0542485,0.80437,0.576684,-0.0418772,0.0430413,0.814757,1,0,0,0,1,0,0,0,0.664606,-0.0281224,-0.0184589,-0.746436,0.665117,0.0311354,0.0211844,-0.745789,0.999338,0,0,-0.036381,0.997953,0,0,-0.0639469,0.985215,0,0,0.171324,0.997191,0,0,0.0748998,-1.38514,20.5801,2.71855,-2.00399,20.7003,-2.86633,-0.793398,25.5771,2.38037,-1.00607,25.6173,-2.48776,-0.0877447,34.2732,1.79601,-0.0802455,34.2754,-1.83206,0,40.3048,0,-0.562271,43.8468,0,-1.68469,47.893,0,-3.92437,52.0387,4.28915,-4.01576,51.9929,-4.17722,-7.20962,56.8557,5.19102,-7.4695,56.7256,-4.87273,-3.03288,52.7067,0,0,0,-0.32381,0,0,0.119029,0,0,0.0733392,0.564124,-0.553494,-1.25802,-0.429468,0.441406,-1.07415,0,0,0,0,0,0,0.0125311,-0.0266958,0.208286,-0.0134452,0.026941,0.20535,0,0,-0.286138,0,0,-0.273188,0,0,0.306424,0,0,0.339518,-1.49029,41.1335,0.000108814,0,0.999381,0,0,0.0351939,0,0,0.0704024,0,-4.47189,0,0,0,-0.0115116
0.996839,0,0,0.0794449,0.99968,0,0,0.0253035,0.999835,0,0,-0.0181897,0.609154,0.0634014,-0.0622067,0.788062,0.59522,-0.0479926,0.0493267,0.80061,1,0,0,0,1,0,0,0,0.669279,-0.027839,-0.0192076,-0.742241,0.66972,0.0308321,0.0219442,-0.741649,0.998987,0,0,-0.045007,0.997392,0,0,-0.0721704,0.983589,0,0,0.180424,0.996372,0,0,0.0851087,-1.31812,20.3112,2.72774,-1.93198,20.4302,-2.87389,-0.712728,25.3063,2.3871,-0.924357,25.3476,-2.49371,-0.0363237,34.0013,1.79831,-0.0296504,34.0037,-1.83431,0,40.035,0,-0.533568,43.5837,0,-1.60358,47.6438,0,-3.65349,51.8902,4.36229,-3.76387,51.8457,-4.23382,-6.61952,56.884,5.39901,-6.93342,56.7573,-5.03366,-2.90856,52.4696,0,0,0,-0.449886,0,0,0.145714,0,0,0.13276,0.530241,-0.520249,-1.59183,-0.403673,0.414894,-1.4231,0,0,0,0,0,0,0.0226837,-0.0483256,0.37704,-0.024339,0.0487686,0.371743,0,0,-0.517992,0,0,-0.494555,0,0,0.554612,0,0,0.614505,-1.38986,40.8959,0.00211121,0,0.999393,0,0,0.0348469,0,0,0.0697079,0,-8.09509,0,0,0,-0.0208338
0.997527,0,0,0.0702828,0.999608,0,0,0.027982,0.999887,0,0,-0.0150134,0.631617,0.0709327,-0.069596,0.768886,0.616618,-0.0536742,0.0551663,0.783491,1,0,0,0,1,0,0,0,0.67594,-0.0274293,-0.0202865,-0.736166,0.676282,0.0303938,0.023039,-0.735655,0.998352,0,0,-0.0573855,0.996468,0,0,-0.0839683,0.981108,0,0,0.19346,0.995013,0,0,0.0997485,-1.22182,19.9281,2.74059,-1.82844,20.0453,-2.88442,-0.596859,24.92,2.39673,-0.806998,24.9626,-2.50221,0.0375216,33.6122,1.80175,0.0430038,33.6147,-1.83767,0,39.6476,0,-0.497741,43.204,0,-1.50132,47.2807,0,-3.32086,51.6323,4.43038,-3.44884,51.5939,-4.28685,-5.90196,56.8089,5.59265,-6.26591,56.6996,-5.18447,-2.75154,52.1213,0,0,0,-0.551272,0,0,0.160767,0,0,0.190602,0.477235,-0.468241,-1.81194,-0.363319,0.373418,-1.6688,0,0,0,0,0,0,0.0325673,-0.0693809,0.541309,-0.0349438,0.0700169,0.533699,0,0,-0.74369,0,0,-0.710046,0,0,0.796194,0,0,0.882174,-1.26075,40.5443,0.00397857,0,0.99941,0,0,0.0343487,0,0,0.068711,0,-11.6219,0,0,0,-0.0299075
0.998208,0,0,0.0598389,0.999528,0,0,0.0307173,0.999941,0,0,-0.0108993,0.654882,0.0775521,-0.0760907,0.74788,0.639387,-0.0586761,0.0603072,0.764267,1,0,0,0,1,0,0,0,0.684484,-0.026894,-0.0216912,-0.728209,0.684699,0.029821,0.0244641,-0.727805,0.997302,0,0,-0.0734049,0.995064,0,0,-0.0992314,0.977639,0,0,0.210292,0.992933,0,0,0.118676,-1.09701,19.4368,2.75664,-1.6941,19.5515,-2.89747,-0.446757,24.4239,2.4091,-0.65497,24.468,-2.51312,0.133168,33.1101,1.80644,0.137102,33.1127,-1.84224,0,39.1458,0,-0.456205,42.7103,0,-1.38169,46.8051,0,-2.9413,51.2549,4.49011,-3.08363,51.2271,-4.33378,-5.09097,56.6,5.76251,-5.49571,56.5208,-5.31795,-2.5675,51.6621,0,0,0,-0.627967,0,0,0.164186,0,0,0.246866,0.405105,-0.397472,-1.91835,-0.308408,0.31698,-1.81121,0,0,0,0,0,0,0.0421809,-0.0898619,0.701111,-0.0452591,0.0906854,0.691245,0,0,-0.963234,0,0,-0.919661,0,0,1.03117,0,0,1.14252,-1.10728,40.0792,0.00561908,0,0.999432,0,0,0.0337036,0,0,0.0674199,0,-15.0526,0,0,0,-0.038732
0.998822,0,0,0.0485227,0.999445,0,0,0.0333155,0.999983,0,0,-0.0058736,0.677537,0.0829052,-0.081343,0.72626,0.662148,-0.0627338,0.0644777,0.743954,1,0,0,0,1,0,0,0,0.694789,-0.0262329,-0.0234179,-0.718353,0.694854,0.0291138,0.0262156,-0.718083,0.995671,0,0,-0.092947,0.993032,0,0,-0.117844,0.973009,0,0,0.230767,0.989904,0,0,0.141737,-0.944575,18.8444,2.77529,-1.52979,18.9557,-2.9125,-0.26349,23.8243,2.42405,-0.469346,23.87,-2.52631,0.249936,32.4997,1.81252,0.251977,32.5025,-1.84819,0,38.5329,0,-0.410404,42.1052,0,-1.24852,46.2184,0,-2.53175,50.7514,4.53807,-2.68326,50.7373,-4.37193,-4.22643,56.2365,5.89889,-4.65728,56.1963,-5.42644,-2.36226,51.0927,0,0,0,-0.679974,0,0,0.155976,0,0,0.301553,0.313855,-0.307941,-1.91106,-0.238937,0.245579,-1.85035,0,0,0,0,0,0,0.0515249,-0.109768,0.856415,-0.0552848,0.110774,0.844381,0,0,-1.17662,0,0,-1.1234,0,0,1.25955,0,0,1.39556,-0.93429,39.5016,0.00694789,0,0.999458,0,0,0.0329155,0,0,0.0658429,0,-18.3872,0,0,0,-0.0473095
0.999325,0,0,0.0367453,0.999367,0,0,0.035583,1,0,0,3.73758e-05,0.698331,0.0866241,-0.0849918,0.705412,0.683656,-0.0655708,0.0673935,0.723722,1,0,0,0,1,0,0,0,0.706723,-0.0254454,-0.0254634,-0.706574,0.706615,0.0282714,0.0282899,-0.706467,0.993263,0,0,-0.115885,0.990197,0,0,-0.139681,0.967016,0,0,0.254716,0.985657,0,0,0.168759,-0.765516,18.1582,2.79584,-1.33647,18.2654,-2.92886,-0.0482713,23.1281,2.4414,-0.251351,23.1753,-2.54159,0.387065,31.786,1.82017,0.386875,31.7887,-1.85567,0,37.8121,0,-0.361813,41.3914,0,-1.10572,45.5224,0,-2.1108,50.1195,4.57093,-2.26462,50.1203,-4.39859,-3.35277,55.7094,5.99234,-3.7902,55.7118,-5.50223,-2.1417,50.4139,0,0,0,-0.707291,0,0,0.136129,0,0,0.354661,0.20348,-0.199646,-1.79008,-0.154911,0.159216,-1.78621,0,0,0,0,0,0,0.0605994,-0.129101,1.00725,-0.0650214,0.130283,0.993072,0,0,-1.38386,0,0,-1.32126,0,0,1.48131,0,0,1.64127,-0.747094,38.8139,0.00789203,0,0.999488,0,0,0.0319887,0,0,0.0639884,0,-21.6253,0,0,0,-0.0556377
0.999689,0,0,0.0249191,0.999303,0,0,0.0373261,0.999977,0,0,0.00680717,0.716167,0.0883372,-0.0866726,0.686869,0.702801,-0.0669052,0.068765,0.704887,1,0,0,0,1,0,0,0,0.72014,-0.0245305,-0.0278251,-0.692836,0.71984,0.0272928,0.0306844,-0.692924,0.989855,0,0,-0.142079,0.986359,0,0,-0.164608,0.959428,0,0,0.281953,0.979888,0,0,0.19955,-0.561075,17.3864,2.81749,-1.1153,17.4885,-2.94582,0.197461,22.3429,2.46093,-0.00240982,22.3911,-2.55877,0.543666,30.9741,1.8296,0.540932,30.9766,-1.8649,0,36.9865,0,-0.311941,40.5718,0,-0.957317,44.7191,0,-1.69791,49.3615,4.58559,-1.84587,49.3762,-4.41113,-2.51675,55.022,6.03402,-2.9375,55.0637,-5.53789,-1.91188,49.627,0,0,0,-0.709917,0,0,0.104656,0,0,0.406191,0.0739856,-0.0725904,-1.5554,-0.0563246,0.057891,-1.61883,0,0,0,0,0,0,0.0694041,-0.147858,1.1536,-0.0744688,0.149212,1.13737,0,0,-1.58494,0,0,-1.51325,0,0,1.69647,0,0,1.87966,-0.551327,38.0197,0.0083909,1,0.999522,0,0,0.0309273,0,0,0.0618644,0,-24.7673,0,0,0,-0.0637179
0.999953,0,0,0.00972161,0.999233,0,0,0.0391613,0.99987,0,0,0.016138,0.736803,0.0878429,-0.0861876,0.664813,0.725628,-0.0665905,0.0684415,0.681429,1,0,0,0,1,0,0,0,0.738184,-0.0232474,-0.0311122,-0.67348,0.737632,0.0259205,0.0340161,-0.673847,0.984027,0,0,-0.178018,0.980042,0,0,-0.198792,0.947714,0,0,0.319121,0.97036,0,0,0.241663,-0.28112,16.3473,2.84391,-0.811631,16.4416,-2.96598,0.534138,21.2813,2.48717,0.338771,21.33,-2.58186,0.758347,29.8646,1.84375,0.752137,29.8665,-1.87876,0,35.8485,0,-0.246965,39.4399,0,-0.762503,43.6049,0,-1.17414,48.2845,4.58018,-1.30583,48.3132,-4.40825,-1.47265,53.9987,6.01862,-1.84715,54.0803,-5.52972,-1.60968,48.532,0,0,0,-0.911993,0,0,0.11019,0,0,0.559887,-0.0786799,0.0771949,-1.81183,0.0598973,-0.061563,-1.9639,0,0,0,0,0,0,0.0956657,-0.203805,1.59011,-0.102647,0.205672,1.56775,0,0,-2.18466,0,0,-2.08586,0,0,2.33835,0,0,2.59086,-0.293752,36.9208,0.00843922,0,0.999566,0,0,0.0294642,0,0,0.0589369,0,-34.1391,0,0,0,-0.0878258
0.999949,0,0,-0.0100811,0.999136,0,0,0.0415488,0.9996,0,0,0.0282974,0.762948,0.0852439,-0.0836376,0.635333,0.754684,-0.064695,0.0664934,0.649496,1,0,0,0,1,0,0,0,0.760901,-0.021538,-0.0354488,-0.647541,0.760041,0.0240925,0.0384097,-0.648291,0.974474,0,0,-0.2245,0.970031,0,0,-0.242979,0.930288,0,0,0.366829,0.95523,0,0,0.295865,0.0789958,15.0353,2.87217,-0.419605,15.1185,-2.98653,0.967875,19.9338,2.5201,0.778542,19.9814,-2.61082,1.03526,28.435,1.86419,1.0246,28.4357,-1.89883,0,34.3653,0,-0.162081,37.9615,0,-0.507728,42.1437,0,-0.488405,46.8352,4.555,-0.593924,46.876,-4.39008,-0.105252,52.5559,5.94704,-0.405322,52.6717,-5.47805,-1.21434,47.0915,0,0,0,-1.18818,0,0,0.143368,0,0,0.729752,-0.226424,0.222158,-2.35361,0.172377,-0.177169,-2.5844,0,0,0,0,0,0,0.12469,-0.265639,2.07253,-0.133789,0.268071,2.04337,0,0,-2.84747,0,0,-2.71869,0,0,3.04779,0,0,3.3769,0.0421008,35.4843,0.00805801,0,0.99962,0,0,0.0275571,0,0,0.0551212,0,-44.4967,0,0,0,-0.114471
0.999434,0,0,-0.0336404,0.999014,0,0,0.0443875,0.999085,0,0,0.0427648,0.79267,0.0807596,-0.0792378,0.599061,0.787717,-0.0613699,0.0630758,0.609719,1,0,0,0,1,0,0,0,0.786723,-0.0194513,-0.0406812,-0.615658,0.78553,0.0218612,0.0437087,-0.61689,0.960245,0,0,-0.279158,0.955523,0,0,-0.294917,0.906423,0,0,0.422371,0.933282,0,0,0.359144,0.497649,13.5354,2.89637,0.0383187,13.6042,-3.00231,1.47376,18.3824,2.5572,1.29196,18.4261,-2.64347,1.35899,26.7574,1.89142,1.34324,26.756,-1.9256,0,32.5999,0,-0.0609204,36.1973,0,-0.203703,40.3908,0,0.325884,45.0392,4.51161,0.25466,45.0851,-4.35747,1.51479,50.6673,5.82364,1.31225,50.7978,-5.3853,-0.74227,45.3573,0,0,0,-1.41393,0,0,0.17048,0,0,0.868599,-0.350507,0.343903,-2.79627,0.266842,-0.274259,-3.09225,0,0,0,0,0,0,0.148414,-0.316181,2.46686,-0.159244,0.319075,2.43216,0,0,-3.38924,0,0,-3.23597,0,0,3.62768,0,0,4.0194,0.439218,33.7674,0.00729059,0,0.99968,0,0,0.0252871,0,0,0.0505795,0,-52.963,0,0,0,-0.136251
0.998192,0,0,-0.0600977,0.998868,0,0,0.0475762,0.998257,0,0,0.0590174,0.824065,0.0746241,-0.0732179,0.556765,0.822501,-0.0567791,0.0583574,0.562906,1,0,0,0,1,0,0,0,0.814117,-0.0170421,-0.0466451,-0.578573,0.812596,0.0192853,0.0497459,-0.58038,0.940595,0,0,-0.33953,0.935898,0,0,-0.352271,0.875645,0,0,0.482955,0.903617,0,0,0.428342,0.950889,11.928,2.911,0.537028,11.979,-3.00857,2.02461,16.7051,2.59596,1.85188,16.7413,-2.67764,1.71287,24.9022,1.92573,1.69176,24.8974,-1.95938,0,30.6153,0,0.0526787,34.2084,0,0.138239,38.4029,0,1.22797,42.9274,4.45206,1.19566,42.9673,-4.31175,3.29731,48.3203,5.6543,3.20543,48.4336,-5.25528,-0.210817,43.3821,0,0,0,-1.58923,0,0,0.191527,0,0,0.976429,-0.450927,0.442429,-3.13978,0.343291,-0.352833,-3.48745,0,0,0,0,0,0,0.166839,-0.355432,2.7731,-0.179013,0.358687,2.73409,0,0,-3.81,0,0,-3.63769,0,0,4.07803,0,0,4.51839,0.877955,31.8276,0.00618135,0,0.999742,0,0,0.022735,0,0,0.045474,0,-59.538,0,0,0,-0.153166
0.996069,0,0,-0.0885858,0.998698,0,0,0.0510139,0.997067,0,0,0.0765308,0.855365,0.0671041,-0.0658397,0.509425,0.856966,-0.0511157,0.0525366,0.510133,1,0,0,0,1,0,0,0,0.841664,-0.0143738,-0.0531622,-0.537186,0.839843,0.0164323,0.0563405,-0.539647,0.915152,0,0,-0.40311,0.910876,0,0,-0.41268,0.837917,0,0,0.545798,0.865881,0,0,0.50025,1.41345,10.2847,2.91169,1.04974,10.3149,-3.00166,2.59199,14.9726,2.63402,2.42992,14.9971,-2.71135,2.07954,22.9361,1.96695,2.05321,22.9268,-2.00005,0,28.4746,0,0.174688,32.0561,0,0.506156,36.2377,0,2.17076,40.542,4.37921,2.17693,40.562,-4.25503,5.13557,45.5299,5.44713,5.1531,45.5868,-5.09398,0.361789,41.2213,0,0,0,-1.71408,0,0,0.206509,0,0,1.05324,-0.527682,0.517738,-3.38415,0.401724,-0.412891,-3.77001,0,0,0,0,0,0,0.179963,-0.383393,2.99125,-0.193096,0.386903,2.94917,0,0,-4.10971,0,0,-3.92385,0,0,4.39884,0,0,4.87383,1.33656,29.7237,0.00477934,0,0.9998,0,0,0.0199821,0,0,0.0399668,0,-64.2216,0,0,0,-0.165215
0.992986,0,0,-0.118233,0.998508,0,0,0.0545993,0.995498,0,0,0.0947805,0.885028,0.0585086,-0.0574061,0.458265,0.889319,-0.04461,0.04585,0.45279,1,0,0,0,1,0,0,0,0.868118,-0.0115194,-0.0600395,-0.492578,0.86605,0.0133803,0.0632971,-0.495755,0.884028,0,0,-0.467434,0.880616,0,0,-0.473831,0.793753,0,0,0.608241,0.82042,0,0,0.571761,1.86043,8.66631,2.89588,1.54969,8.67331,-2.97957,3.14791,13.2462,2.66948,2.99814,13.2547,-2.74298,2.4419,20.9216,2.01438,2.41088,20.9065,-2.04692,0,26.2408,0,0.300959,29.8028,0,0.887689,33.9554,0,3.10445,37.94,4.29676,3.14288,37.9262,-4.19024,6.91604,42.3494,5.21266,7.02533,42.3101,-4.90973,0.956667,38.933,0,0,0,-1.78849,0,0,0.215426,0,0,1.09904,-0.580774,0.56983,-3.52937,0.442144,-0.454434,-3.93994,0,0,0,0,0,0,0.187788,-0.400064,3.12132,-0.201492,0.403726,3.07741,0,0,-4.28841,0,0,-4.09447,0,0,4.59011,0,0,5.08575,1.79257,27.5163,0.00314217,0,0.999854,0,0,0.0171093,0,0,0.0342202,0,-67.0139,0,0,0,-0.172398
0.988962,0,0,-0.14817,0.998303,0,0,0.0582315,0.993567,0,0,0.113243,0.911825,0.0491905,-0.0482636,0.404754,0.918143,-0.037531,0.0385743,0.392577,1,0,0,0,1,0,0,0,0.892469,-0.00856155,-0.0670713,-0.446013,0.890218,0.0102172,0.070408,-0.449945,0.847881,0,0,-0.530187,0.845767,0,0,-0.533552,0.744258,0,0,0.667892,0.76834,0,0,0.640042,2.2695,7.12173,2.86326,2.01247,7.10374,-2.94227,3.667,11.577,2.70099,3.53106,11.5658,-2.77137,2.78431,18.9164,2.06673,2.74948,18.8945,-2.09875,0,23.9769,0,0.427344,27.5115,0,1.2704,31.6188,0,3.98181,35.1953,4.20908,4.04107,35.1363,-4.12096,8.53281,38.8735,4.96331,8.70132,38.7059,-4.71274,1.55474,36.5794,0,0,0,-1.81246,0,0,0.218279,0,0,1.11382,-0.610202,0.598703,-3.57545,0.464547,-0.477461,-3.99722,0,0,0,0,0,0,0.190314,-0.405443,3.16329,-0.204201,0.409156,3.11878,0,0,-4.34607,0,0,-4.14952,0,0,4.65183,0,0,5.15414,2.22489,25.2684,0.00133813,0,0.999899,0,0,0.0141977,0,0,0.0283963,0,-67.9149,0,0,0,-0.174717
0.984114,0,0,-0.177538,0.998088,0,0,0.0618095,0.99133,0,0,0.131398,0.934897,0.0395421,-0.038797,0.350568,0.94248,-0.0301819,0.0310209,0.331449,1,0,0,0,1,0,0,0,0.913974,-0.00559058,-0.0740436,-0.39892,0.911615,0.00703961,0.0774572,-0.403619,0.80791,0,0,-0.589306,0.807471,0,0,-0.589908,0.69111,0,0,0.72275,0.711474,0,0,0.702712,2.62302,5.6882,2.81581,2.41835,5.64427,-2.89179,4.12862,10.0064,2.72787,4.00786,9.97222,-2.79594,3.0938,16.9737,2.12215,3.05629,16.9443,-2.15373,0,21.7461,0,0.549833,25.246,0,1.64219,29.2933,0,4.76385,32.397,4.12085,4.8291,32.2865,-4.05114,9.90269,35.2347,4.71243,10.0883,34.9203,-4.51417,2.13733,34.2263,0,0,0,-1.78597,0,0,0.215066,0,0,1.09758,-0.615965,0.604359,-3.52239,0.468935,-0.481971,-3.94186,0,0,0,0,0,0,0.187539,-0.399532,3.11717,-0.201224,0.40319,3.07332,0,0,-4.28272,0,0,-4.08902,0,0,4.58401,0,0,5.07899,2.61584,23.0445,-0.000552453,0,0.999936,0,0,0.0113284,0,0,0.0226573,0,-66.9246,0,0,0,-0.172169
0.978658,0,0,-0.205494,0.99787,0,0,0.0652324,0.988878,0,0,0.148731,0.953785,0.0299848,-0.0294198,0.29754,0.961864,-0.0228903,0.0235266,0.271551,1,0,0,0,1,0,0,0,0.932185,-0.00270274,-0.0807388,-0.352853,0.92979,0.00395016,0.0842254,-0.358302,0.765805,0,0,-0.643073,0.76731,0,0,-0.641277,0.63647,0,0,0.771302,0.65228,0,0,0.757978,2.90984,4.39296,2.75751,2.75418,4.32303,-2.83186,4.51871,8.56696,2.75003,4.41397,8.50825,-2.81654,3.36108,15.1429,2.17833,3.32211,15.1057,-2.20957,0,19.6113,0,0.6647,23.0712,0,1.99169,27.0469,0,5.42425,29.646,4.03668,5.48004,29.4832,-3.98461,10.977,31.592,4.47307,11.1356,31.129,-4.32498,2.68668,31.9436,0,0,0,-1.70904,0,0,0.20579,0,0,1.05032,-0.598068,0.586797,-3.37019,0.45531,-0.467966,-3.77386,0,0,0,0,0,0,0.179464,-0.38233,2.98296,-0.192561,0.38583,2.941,0,0,-4.09832,0,0,-3.91297,0,0,4.38664,0,0,4.86032,2.95287,20.9107,-0.00243962,0,0.999963,0,0,0.00858261,0,0,0.0171654,0,-64.043,0,0,0,-0.164757
0.972902,0,0,-0.231218,0.997658,0,0,0.0683994,0.986338,0,0,0.164731,0.96842,0.0209569,-0.0205621,0.247589,0.976318,-0.0159971,0.0164418,0.215122,1,0,0,0,1,0,0,0,0.946933,2.58154e-06,-0.0869409,-0.309449,0.944566,0.00105517,0.0904948,-0.315602,0.72365,0,0,-0.690167,0.727231,0,0,-0.686393,0.582865,0,0,0.812569,0.593676,0,0,0.804704,3.12629,3.25575,2.69373,3.01462,3.16076,-2.76748,4.83065,7.28552,2.76779,4.74213,7.202,-2.83339,3.58106,13.4707,2.23271,3.54176,13.4259,-2.26372,0,17.6357,0,0.768598,21.0528,0,2.30859,24.9499,0,5.95144,27.0488,3.96065,5.98458,26.8387,-3.92476,11.7465,28.1163,4.25685,11.8407,27.5187,-4.15479,3.18649,29.8046,0,0,0,-1.58167,0,0,0.190447,0,0,0.972049,-0.556504,0.546018,-3.11884,0.423667,-0.435444,-3.49321,0,0,0,0,0,0,0.16609,-0.353838,2.76066,-0.178211,0.357079,2.72182,0,0,-3.79289,0,0,-3.62136,0,0,4.05974,0,0,4.49812,3.22941,18.9331,-0.00422774,0,0.999982,0,0,0.00604136,0,0,0.0120828,0,-59.27,0,0,0,-0.152479
0.967226,0,0,-0.253916,0.997461,0,0,0.0712098,0.983868,0,0,0.178897,0.979081,0.0129017,-0.0126586,0.202665,0.98629,-0.00984589,0.0101196,0.164415,1,0,0,0,1,0,0,0,0.958302,0.00242528,-0.0924397,-0.270381,0.956008,-0.00153815,0.0960533,-0.277166,0.683808,0,0,-0.729662,0.689435,0,0,-0.724347,0.533045,0,0,0.846087,0.538857,0,0,0.842397,3.2761,2.29174,2.63042,3.20211,2.17367,-2.70418,5.06528,6.18517,2.78169,4.9923,6.07819,-2.84684,3.75279,12.0024,2.28257,3.71406,11.9506,-2.31347,0,15.8822,0,0.858614,19.2567,0,2.58382,23.0745,0,6.34784,24.7126,3.89605,6.34983,24.464,-3.87424,12.2393,24.9754,4.07315,12.245,24.2684,-4.01111,3.62206,27.8852,0,0,0,-1.40385,0,0,0.16904,0,0,0.86276,-0.491277,0.48202,-2.76835,0.374011,-0.384406,-3.09993,0,0,0,0,0,0,0.147416,-0.314054,2.45027,-0.158174,0.316931,2.41581,0,0,-3.36646,0,0,-3.2142,0,0,3.60329,0,0,3.99236,3.4446,17.1774,-0.00582147,0,0.999993,0,0,0.00378581,0,0,0.00757163,0,-52.6057,0,0,0,-0.135335
0.962066,0,0,-0.272817,0.997291,0,0,0.0735631,0.981642,0,0,0.19073,0.986307,0.00625722,-0.00613935,0.164689,0.992551,-0.0047736,0.00490631,0.121634,1,0,0,0,1,0,0,0,0.966561,0.00446648,-0.0970332,-0.237326,0.964364,-0.00372375,0.100697,-0.24464,0.648785,0,0,-0.760972,0.65626,0,0,-0.754535,0.489841,0,0,0.871812,0.491108,0,0,0.871099,3.36928,1.51445,2.57344,3.32568,1.37642,-2.64745,5.22961,5.28792,2.79223,5.17049,5.16042,-2.85722,3.87873,10.7831,2.32528,3.84113,10.7253,-2.35616,0,14.4138,0,0.932235,17.7494,0,2.80941,21.4941,0,6.62649,22.7406,3.84535,6.59489,22.4641,-3.83488,12.5111,22.3235,3.92896,12.4213,21.5373,-3.8992,3.98028,26.2631,0,0,0,-1.17558,0,0,0.141568,0,0,0.722452,-0.402388,0.394805,-2.31872,0.306339,-0.314854,-2.59401,0,0,0,0,0,0,0.123443,-0.262981,2.0518,-0.132451,0.265389,2.02293,0,0,-2.81898,0,0,-2.69149,0,0,3.01729,0,0,3.34312,3.60208,15.708,-0.00713001,0,0.999998,0,0,0.00189705,0,0,0.0037941,0,-44.05,0,0,0,-0.113326
0.957881,0,0,-0.287167,0.997157,0,0,0.0753586,0.979849,0,0,0.199739,0.990772,0.00145087,-0.00142358,0.135527,0.99604,-0.00110651,0.0011373,0.0888954,1,0,0,0,1,0,0,0,0.972083,0.00602968,-0.100527,-0.211925,0.969981,-0.00539796,0.104229,-0.219643,0.621099,0,0,-0.783732,0.63006,0,0,-0.776546,0.456043,0,0,0.889958,0.45365,0,0,0.89118,3.41982,0.938317,2.52802,3.39862,0.784671,-2.6023,5.33453,4.61687,2.79974,5.28651,4.47327,-2.86471,3.96348,9.85846,2.35834,3.92714,9.79615,-2.38924,0,13.2937,0,0.987243,16.5978,0,2.97828,20.2825,0,6.80607,21.2301,3.81029,6.74471,20.9362,-3.80788,12.6317,20.2967,3.82925,12.4573,19.4609,-3.82241,4.24923,25.0168,0,0,0,-0.896872,0,0,0.108031,0,0,0.551126,-0.289835,0.284373,-1.76994,0.220651,-0.226783,-1.97545,0,0,0,0,0,0,0.0941687,-0.200617,1.56523,-0.10104,0.202455,1.54321,0,0,-2.15048,0,0,-2.05322,0,0,2.30178,0,0,2.55032,3.70804,14.5881,-0.00807107,1,1,0,0,0.000456193,0,0,0.000912387,0,-33.6031,0,0,0,-0.0864514
0.955556,0,0,-0.294809,0.997083,0,0,0.0763183,0.978857,0,0,0.204546,0.992787,-0.000976187,0.000957773,0.119884,0.997448,0.000744336,-0.000765033,0.0713874,1,0,0,0,1,0,0,0,0.974756,0.00686674,-0.102389,-0.198294,0.972713,-0.00629464,0.106112,-0.206227,0.605976,0,0,-0.795483,0.615755,0,0,-0.787938,0.437705,0,0,0.899119,0.433292,0,0,0.901254,3.43935,0.762132,2.50319,3.42981,0.6,-2.57761,5.38318,4.3888,2.8036,5.34126,4.23645,-2.86859,4.00466,9.49227,2.37614,3.96915,9.42753,-2.40707,0,12.8213,0,1.01621,16.1078,0,3.06732,19.7591,0,6.89033,20.5478,3.79317,6.81179,20.2461,-3.79478,12.6656,19.3409,3.78056,12.4422,18.4831,-3.78514,4.39132,24.4738,0,0,0,-0.479296,0,0,0.057748,0,0,0.294512,-0.146034,0.143284,-0.946367,0.111177,-0.114269,-1.05389,0,0,0,0,0,0,0.0503217,-0.107204,0.83641,-0.0539937,0.108188,0.824644,0,0,-1.14916,0,0,-1.09721,0,0,1.23,0,0,1.36284,3.75959,14.1164,-0.00854379,0,1,0,0,-0.000313762,0,0,-0.000627524,0,-14.1724,0,0,0,-0.0461973
0.953698,0,0,-0.300765,0.997026,0,0,0.0770677,0.978066,0,0,0.208297,0.994181,-0.00287391,0.00281973,0.107646,0.998329,0.00219094,-0.00225185,0.0576991,1,0,0,0,1,0,0,0,0.976708,0.00752114,-0.103841,-0.187622,0.974715,-0.00699573,0.10758,-0.195724,0.59401,0,0,-0.804457,0.604441,0,0,-0.79665,0.423255,0,0,0.906011,0.417238,0,0,0.908797,3.45091,0.768836,2.48357,3.45035,0.6,-2.5581,5.41752,4.35443,2.80656,5.38046,4.1952,-2.87158,4.0348,9.34884,2.3901,4,9.2822,-2.42107,0,12.5941,0,1.03861,15.8666,0,3.13624,19.4911,0,6.9505,20.1564,3.78008,6.85793,19.8494,-3.7848,12.6773,18.7377,3.74335,12.414,17.8648,-3.75678,4.50146,24.19,0,0,0,-0.374308,0,0,0.0450973,0,0,0.229997,-0.114057,0.111908,-0.739064,0.0868318,-0.0892455,-0.823018,0,0,0,0,0,0,0.0392983,-0.0837207,0.653195,-0.042166,0.0844896,0.644005,0,0,-0.897435,0,0,-0.856841,0,0,0.96056,0,0,1.06429,3.79738,13.89,-0.00891167,0,1,0,0,-0.000915056,0,0,-0.00183011,0,-6.81544,0,0,0,-0.0360776
0.952291,0,0,-0.305193,0.996983,0,0,0.0776259,0.977467,0,0,0.211088,0.995117,-0.00428855,0.00420772,0.0985203,0.99886,0.00326897,-0.00335984,0.0474968,1,0,0,0,1,0,0,0,0.978085,0.00800888,-0.104921,-0.179661,0.976131,-0.00751832,0.108672,-0.187887,0.585012,0,0,-0.811025,0.595933,0,0,-0.803034,0.412422,0,0,0.910993,0.405196,0,0,0.91423,3.45742,0.77387,2.46884,3.46345,0.6,-2.54344,5.441,4.32856,2.80874,5.40761,4.16417,-2.87378,4.05609,9.24108,2.40053,4.02187,9.17304,-2.43152,0,12.4236,0,1.05517,15.6854,0,3.18722,19.2896,0,6.99212,19.8635,3.7705,6.88878,19.553,-3.77753,12.6777,18.2883,3.7161,12.3838,17.4052,-3.73609,4.58302,23.9764,0,0,0,-0.27878,0,0,0.0335889,0,0,0.1713,-0.0849631,0.0833621,-0.55045,0.0646825,-0.0664805,-0.612982,0,0,0,0,0,0,0.0292692,-0.0623538,0.486496,-0.0314049,0.0629273,0.479651,0,0,-0.668399,0,0,-0.638173,0,0,0.715434,0,0,0.792682,3.82413,13.7203,-0.00918486,0,0.999999,0,0,-0.0013629,0,0,-0.00272579,0,-5.11694,0,0,0,-0.0268704
0.951305,0,0,-0.30825,0.996952,0,0,0.0780117,0.977048,0,0,0.213017,0.995713,-0.00526719,0.00516792,0.0922069,0.999165,0.00401455,-0.00412615,0.040441,1,0,0,0,1,0,0,0,0.978998,0.00834621,-0.105667,-0.17415,0.977073,-0.00787977,0.109426,-0.182462,0.578749,0,0,-0.815506,0.590013,0,0,-0.807394,0.404899,0,0,0.914361,0.396829,0,0,0.917892,3.46084,0.77737,2.45862,3.47139,0.6,-2.53326,5.45618,4.31054,2.81023,5.42534,4.14257,-2.87529,4.07023,9.16613,2.40775,4.03642,9.09712,-2.43876,0,12.305,0,1.06656,15.5594,0,3.22229,19.1493,0,7.0193,19.6604,3.76396,6.90836,19.3476,-3.77258,12.6739,17.9776,3.69751,12.3584,17.0882,-3.72201,4.63916,23.8277,0,0,0,-0.19272,0,0,0.0232194,0,0,0.11842,-0.0587513,0.0576443,-0.380522,0.0447274,-0.0459707,-0.423755,0,0,0,0,0,0,0.0202335,-0.0431053,0.336312,-0.0217101,0.0435027,0.33158,0,0,-0.462062,0,0,-0.441166,0,0,0.494564,0,0,0.547972,3.84191,13.6024,-0.00937319,0,0.999999,0,0,-0.00167249,0,0,-0.00334497,0,-3.55691,0,0,0,-0.0185754
0.950707,0,0,-0.31009,0.996934,0,0,0.0782442,0.976794,0,0,0.214179,0.996051,-0.00585737,0.00574698,0.088401,0.999325,0.0044641,-0.0045882,0.0361885,1,0,0,0,1,0,0,0,0.979533,0.00854952,-0.106116,-0.170827,0.977625,-0.00809763,0.10988,-0.179191,0.574959,0,0,-0.818183,0.58643,0,0,-0.81,0.400352,0,0,0.916361,0.391772,0,0,0.920062,3.46249,0.779487,2.45244,3.47574,0.6,-2.52711,5.46491,4.29964,2.81113,5.43563,4.1295,-2.8762,4.07852,9.1208,2.4121,4.04497,9.0512,-2.44313,0,12.2333,0,1.07339,15.4832,0,3.24334,19.0644,0,7.03505,19.5377,3.76005,6.91947,19.2237,-3.76962,12.6699,17.7905,3.68639,12.3413,16.8975,-3.71361,4.67289,23.7377,0,0,0,-0.116118,0,0,0.0139908,0,0,0.0713548,-0.0354216,0.0347543,-0.229281,0.0269666,-0.0277161,-0.255337,0,0,0,0,0,0,0.0121918,-0.0259727,0.202645,-0.0130814,0.0262132,0.199793,0,0,-0.278417,0,0,-0.265821,0,0,0.298004,0,0,0.330191,3.85235,13.5311,-0.00948658,0,0.999998,0,0,-0.00185903,0,0,-0.00371806,0,-2.15086,0,0,0,-0.0111925
0.950454,0,0,-0.310866,0.996927,0,0,0.0783422,0.976687,0,0,0.214669,0.996189,-0.00610689,0.0059918,0.086795,0.999386,0.00465415,-0.00478353,0.0343942,1,0,0,0,1,0,0,0,0.979755,0.0086353,-0.106305,-0.169424,0.977855,-0.00818956,0.110071,-0.177811,0.573356,0,0,-0.819307,0.584915,0,0,-0.811095,0.398431,0,0,0.917198,0.389635,0,0,0.920969,3.46308,0.780385,2.44983,3.47747,0.6,-2.52451,5.4685,4.29503,2.8115,5.43987,4.12398,-2.87658,4.08196,9.10164,2.41394,4.04852,9.03179,-2.44498,0,12.203,0,1.07627,15.451,0,3.25221,19.0286,0,7.04155,19.4859,3.75841,6.92401,19.1714,-3.76838,12.6679,17.7116,3.68172,12.3336,16.8171,-3.71008,4.6871,23.6996,0,0,0,-0.0489896,0,0,0.00590265,0,0,0.0301042,-0.0149742,0.0146921,-0.096728,0.0113999,-0.0117168,-0.107728,0,0,0,0,0,0,0.00514347,-0.0109564,0.0854927,-0.00551876,0.0110601,0.0842875,0,0,-0.117463,0,0,-0.112141,0,0,0.125721,0,0,0.139282,3.8567,13.501,-0.00953451,0,0.999998,0,0,-0.00193773,0,0,-0.00387545,0,-0.909061,0,0,0,-0.0047219
0.950499,0,0,-0.310729,0.996928,0,0,0.0783249,0.976706,0,0,0.214582,0.996165,-0.00606372,0.00594944,0.0870796,0.999375,0.00462127,-0.00474973,0.0347118,1,0,0,0,1,0,0,0,0.979716,0.00862011,-0.106271,-0.169673,0.977815,-0.00817327,0.110037,-0.178055,0.57364,0,0,-0.819108,0.585183,0,0,-0.810901,0.398772,0,0,0.91705,0.390014,0,0,0.920809,3.46298,0.780224,2.45029,3.47717,0.6,-2.52497,5.46787,4.29585,2.81144,5.43912,4.12496,-2.87652,4.08136,9.10503,2.41361,4.0479,9.03523,-2.44465,0,12.2084,0,1.07576,15.4567,0,3.25064,19.0349,0,7.0404,19.4951,3.75869,6.92321,19.1807,-3.76859,12.6683,17.7255,3.68253,12.335,16.8314,-3.71069,4.68458,23.7063,0,0,0,0.00867784,0,0,-0.00104517,0,0,-0.00533044,0.00259087,-0.00254198,0.0171402,-0.00197251,0.00202741,0.019071,0,0,0,0,0,0,-0.000911169,0.00194147,-0.0151455,0.000977721,-0.00195622,-0.0149319,0,0,0.0208104,0,0,0.0198662,0,0,-0.0222731,0,0,-0.0246692,3.85593,13.5063,-0.00952625,0,0.999998,0,0,-0.00192378,0,0,-0.00384757,0,0.161104,0,0,0,0.000836577
0.950793,0,0,-0.309828,0.996937,0,0,0.078211,0.976831,0,0,0.214013,0.996004,-0.00577588,0.00566703,0.0889445,0.999303,0.00440203,-0.0045244,0.0367949,1,0,0,0,1,0,0,0,0.979457,0.0085205,-0.106052,-0.171301,0.977547,-0.00806653,0.109815,-0.179658,0.5755,0,0,-0.817802,0.586942,0,0,-0.809629,0.401002,0,0,0.916077,0.392495,0,0,0.919754,3.46227,0.779186,2.45332,3.47513,0.6,-2.52799,5.46369,4.3012,2.811,5.43418,4.13137,-2.87607,4.07735,9.12728,2.41148,4.04376,9.05776,-2.44251,0,12.2435,0,1.07241,15.4941,0,3.24034,19.0766,0,7.03283,19.5552,3.76059,6.91791,19.2414,-3.77003,12.6706,17.8172,3.68792,12.3438,16.9247,-3.71477,4.66808,23.7505,0,0,0,0.0568879,0,0,-0.00685349,0,0,-0.0349501,0.017274,-0.0169483,0.11232,-0.0131507,0.0135163,0.125063,0,0,0,0,0,0,-0.00597222,0.012724,-0.0992668,0.00640813,-0.0128366,-0.0978711,0,0,0.136381,0,0,0.130212,0,0,-0.145984,0,0,-0.161741,3.85088,13.5413,-0.00947127,0,0.999998,0,0,-0.0018324,0,0,-0.00366481,0,1.05523,0,0,0,0.0054828
0.951285,0,0,-0.308312,0.996952,0,0,0.0780196,0.97704,0,0,0.213057,0.995724,-0.00529145,0.00519173,0.0920786,0.999171,0.00403303,-0.00414513,0.0402964,1,0,0,0,1,0,0,0,0.979016,0.00835308,-0.105682,-0.174038,0.977092,-0.00788713,0.109441,-0.182352,0.578621,0,0,-0.815597,0.589892,0,0,-0.807482,0.404745,0,0,0.914429,0.396659,0,0,0.917966,3.4609,0.777443,2.45841,3.47154,0.6,-2.53306,5.45648,4.31018,2.81026,5.4257,4.14213,-2.87533,4.07051,9.16461,2.40789,4.03671,9.09557,-2.43891,0,12.3026,0,1.06679,15.5568,0,3.223,19.1465,0,7.01983,19.6562,3.7638,6.90874,19.3434,-3.77245,12.6737,17.9713,3.69705,12.3578,17.0818,-3.72166,4.6403,23.8247,0,0,0,0.0956261,0,0,-0.0115205,0,0,-0.0587529,0.0290748,-0.0285269,0.188816,-0.0221346,0.02275,0.210245,0,0,0,0,0,0,-0.0100397,0.0213897,-0.166871,0.0107723,-0.0215815,-0.164526,0,0,0.229268,0,0,0.2189,0,0,-0.245397,0,0,-0.271904,3.84227,13.6,-0.00937836,0,0.999999,0,0,-0.00167879,0,0,-0.00335758,0,1.771,0,0,0,0.00921687
0.951925,0,0,-0.306331,0.996971,0,0,0.0777695,0.977312,0,0,0.211807,0.995343,-0.00465853,0.00457074,0.0961709,0.99898,0.00355086,-0.00364956,0.0448692,1,0,0,0,1,0,0,0,0.978428,0.00813444,-0.105199,-0.17761,0.976485,-0.00765285,0.108953,-0.185868,0.582684,0,0,-0.812699,0.593733,0,0,-0.804662,0.409625,0,0,0.912254,0.402085,0,0,0.915602,3.45879,0.775173,2.46504,3.46651,0.6,-2.53966,5.44676,4.32187,2.80929,5.41431,4.15614,-2.87435,4.06141,9.21322,2.40321,4.02734,9.14482,-2.43422,0,12.3795,0,1.05941,15.6385,0,3.20029,19.2375,0,7.00238,19.7879,3.76802,6.89623,19.4765,-3.77565,12.6767,18.1727,3.70905,12.3748,17.2871,-3.73075,4.60394,23.9211,0,0,0,0.124905,0,0,-0.0150485,0,0,-0.0767443,0.0379936,-0.0372774,0.246621,-0.0289245,0.0297285,0.274619,0,0,0,0,0,0,-0.0131135,0.027937,-0.217965,0.0140704,-0.02819,-0.214899,0,0,0.29946,0,0,0.285923,0,0,-0.320528,0,0,-0.355139,3.83081,13.6764,-0.00925677,0,0.999999,0,0,-0.00147814,0,0,-0.00295629,0,2.30724,0,0,0,0.0120388
0.952661,0,0,-0.304034,0.996994,0,0,0.0774798,0.977624,0,0,0.210358,0.99488,-0.00392523,0.00385126,0.10091,0.998732,0.00299213,-0.00307531,0.0501663,1,0,0,0,1,0,0,0,0.977731,0.00788119,-0.104638,-0.181746,0.975767,-0.00738149,0.108386,-0.189939,0.587374,0,0,-0.809315,0.598167,0,0,-0.801372,0.415263,0,0,0.909701,0.408355,0,0,0.912823,3.45589,0.772552,2.47271,3.4602,0.6,-2.54729,5.43503,4.33535,2.80817,5.40067,4.17231,-2.87321,4.05061,9.26936,2.3978,4.01624,9.20169,-2.42878,0,12.4683,0,1.05085,15.7329,0,3.1739,19.3425,0,6.98149,19.9403,3.77294,6.88099,19.6306,-3.77938,12.6783,18.406,3.72306,12.3925,17.5254,-3.74137,4.56171,24.0325,0,0,0,0.144714,0,0,-0.0174357,0,0,-0.0889197,0.0440297,-0.0432003,0.285743,-0.03352,0.0344519,0.318183,0,0,0,0,0,0,-0.0151934,0.0323689,-0.252538,0.0163022,-0.0326626,-0.248988,0,0,0.346967,0,0,0.331274,0,0,-0.371382,0,0,-0.411479,3.81724,13.7648,-0.00911551,0,0.999999,0,0,-0.00124567,0,0,-0.00249134,0,2.66496,0,0,0,0.0139484
0.953444,0,0,-0.301571,0.997018,0,0,0.0771694,0.977957,0,0,0.208805,0.994358,-0.00313962,0.00308046,0.105986,0.998434,0.00239346,-0.00245999,0.0558406,1,0,0,0,1,0,0,0,0.976963,0.00760991,-0.104038,-0.186174,0.974978,-0.00709082,0.107779,-0.194298,0.592378,0,0,-0.80566,0.602897,0,0,-0.797819,0.421287,0,0,0.906927,0.415051,0,0,0.909798,3.45223,0.769754,2.48089,3.45288,0.6,-2.55544,5.42193,4.34974,2.80696,5.38553,4.18957,-2.87199,4.03875,9.32928,2.392,4.00405,9.26239,-2.42297,0,12.5632,0,1.04163,15.8337,0,3.14554,19.4546,0,6.95828,20.1032,3.77827,6.86376,19.7955,-3.78343,12.6779,18.656,3.7382,12.4091,17.781,-3.75287,4.51633,24.1512,0,0,0,0.155064,0,0,-0.018682,0,0,-0.0952783,0.0471842,-0.0462948,0.306176,-0.0359211,0.0369198,0.340937,0,0,0,0,0,0,-0.0162801,0.0346841,-0.270598,0.0174683,-0.0349975,-0.266789,0,0,0.371772,0,0,0.354964,0,0,-0.397932,0,0,-0.440898,3.80234,13.8592,-0.00896404,0,1,0,0,-0.000996571,0,0,-0.00199314,0,2.84534,0,0,0,0.0149459
0.954224,0,0,-0.299092,0.997042,0,0,0.0768571,0.978289,0,0,0.207243,0.993805,-0.00234975,0.00230547,0.111088,0.998101,0.00179144,-0.00184124,0.0615456,1,0,0,0,1,0,0,0,0.976171,0.00733716,-0.103433,-0.190624,0.974164,-0.0067986,0.107168,-0.198678,0.597387,0,0,-0.801953,0.607633,0,0,-0.794218,0.427327,0,0,0.904097,0.421764,0,0,0.906706,3.44799,0.766948,2.4891,3.44492,0.6,-2.5636,5.4082,4.36413,2.80573,5.36976,4.20684,-2.87075,4.02651,9.3893,2.38617,3.9915,9.3232,-2.41713,0,12.6582,0,1.03233,15.9346,0,3.11692,19.5667,0,6.93409,20.2666,3.78367,6.8455,19.9611,-3.78753,12.6753,18.9073,3.75355,12.4234,18.0384,-3.76455,4.47057,24.2701,0,0,0,0.155953,0,0,-0.0187889,0,0,-0.0958192,0.0474558,-0.0465616,0.307922,-0.0361283,0.0371326,0.342884,0,0,0,0,0,0,-0.0163729,0.0348821,-0.272142,0.0175678,-0.0351977,-0.268317,0,0,0.373903,0,0,0.356991,0,0,-0.400207,0,0,-0.443416,3.78698,13.9538,-0.00881135,0,1,0,0,-0.000746051,0,0,-0.0014921,0,2.85084,0,0,0,0.0150312
0.954956,0,0,-0.296747,0.997065,0,0,0.0765621,0.978601,0,0,0.205767,0.993258,-0.00160357,0.00157335,0.115906,0.997756,0.00122264,-0.00125662,0.0669348,1,0,0,0,1,0,0,0,0.975404,0.00707951,-0.102862,-0.194826,0.973377,-0.00652257,0.10659,-0.202814,0.602099,0,0,-0.798422,0.612089,0,0,-0.790789,0.433017,0,0,0.901386,0.428086,0,0,0.903738,3.44346,0.764312,2.49682,3.43686,0.6,-2.57129,5.3947,4.37767,2.80457,5.35435,4.22309,-2.86957,4.01466,9.44579,2.38068,3.97937,9.38043,-2.41162,0,12.7477,0,1.02351,16.0296,0,3.08979,19.6723,0,6.91044,20.4208,3.78881,6.82738,20.1173,-3.79145,12.6708,19.1448,3.76818,12.4346,18.2818,-3.77569,4.42721,24.3819,0,0,0,0.147371,0,0,-0.0177558,0,0,-0.0905496,0.0448459,-0.0440007,0.290985,-0.0341413,0.0350903,0.32402,0,0,0,0,0,0,-0.0154723,0.0329617,-0.25717,0.0166013,-0.0332621,-0.253555,0,0,0.353326,0,0,0.337354,0,0,-0.378184,0,0,-0.419033,3.77211,14.043,-0.00866678,0,1,0,0,-0.000509314,0,0,-0.00101863,0,2.68404,0,0,0,0.0142042
0.955593,0,0,-0.294688,0.997085,0,0,0.0763032,0.978873,0,0,0.204471,0.992757,-0.000948983,0.000931104,0.120133,0.997428,0.000723598,-0.000743708,0.0716626,1,0,0,0,1,0,0,0,0.974715,0.00685348,-0.10236,-0.19851,0.972671,-0.00628042,0.106083,-0.20644,0.606217,0,0,-0.795299,0.615983,0,0,-0.787759,0.437997,0,0,0.898977,0.433616,0,0,0.901098,3.43908,0.762002,2.50358,3.42936,0.6,-2.57801,5.38245,4.38949,2.80354,5.34043,4.23729,-2.86854,4.00403,9.49517,2.37586,3.9685,9.43047,-2.40679,0,12.8259,0,1.01575,16.1127,0,3.06591,19.7645,0,6.88906,20.5557,3.79335,6.81079,20.2542,-3.79492,12.6652,19.3532,3.7811,12.4426,18.4956,-3.78556,4.38907,24.4795,0,0,0,0.129325,0,0,-0.015581,0,0,-0.0794622,0.039354,-0.0386121,0.255356,-0.02996,0.030793,0.284351,0,0,0,0,0,0,-0.013578,0.0289281,-0.225684,0.0145688,-0.0291887,-0.222509,0,0,0.310074,0,0,0.296044,0,0,-0.331886,0,0,-0.36772,3.7588,14.121,-0.00853987,0,1,0,0,-0.00030156,0,0,-0.000603121,0,2.3471,0,0,0,0.0124652
0.956092,0,0,-0.293066,0.9971,0,0,0.0760993,0.979085,0,0,0.20345,0.99235,-0.000433851,0.00042568,0.123458,0.997154,0.000330834,-0.000340027,0.0753836,1,0,0,0,1,0,0,0,0.974163,0.00667557,-0.101964,-0.201409,0.972106,-0.00608983,0.105683,-0.209293,0.609448,0,0,-0.792826,0.619039,0,0,-0.78536,0.441907,0,0,0.897061,0.437959,0,0,0.898995,3.43535,0.76019,2.50888,3.42318,0.6,-2.58328,5.37254,4.39877,2.80273,5.32921,4.24843,-2.86772,3.99551,9.53393,2.37207,3.9598,9.46974,-2.403,0,12.8873,0,1.00962,16.1778,0,3.04706,19.8369,0,6.87181,20.6618,3.79695,6.79726,20.3618,-3.79767,12.6597,19.5171,3.79134,12.4477,18.664,-3.79338,4.35898,24.5561,0,0,0,0.10182,0,0,-0.0122671,0,0,-0.0625625,0.0309792,-0.0303953,0.201041,-0.0235842,0.0242398,0.223867,0,0,0,0,0,0,-0.0106898,0.0227733,-0.177683,0.0114701,-0.0229807,-0.175182,0,0,0.244117,0,0,0.23308,0,0,-0.261297,0,0,-0.2895,3.74813,14.1822,-0.00843971,0,1,0,0,-0.000137995,0,0,-0.00027599,0,1.84244,0,0,0,0.00981392
0.956408,0,0,-0.292032,0.99711,0,0,0.0759695,0.97922,0,0,0.202799,0.992084,-0.00010598,0.000103992,0.125576,0.996973,8.08205e-05,-8.30701e-05,0.0777529,1,0,0,0,1,0,0,0,0.973807,0.00656229,-0.101712,-0.203254,0.971742,-0.00596848,0.105428,-0.211109,0.6115,0,0,-0.791244,0.62098,0,0,-0.783826,0.444394,0,0,0.895831,0.44072,0,0,0.897645,3.43285,0.759041,2.51225,3.4191,0.6,-2.58663,5.3661,4.40466,2.80221,5.32194,4.2555,-2.8672,3.99002,9.55855,2.36966,3.9542,9.4947,-2.40058,0,12.9263,0,1.00571,16.2193,0,3.03504,19.8829,0,6.86063,20.7292,3.79925,6.78843,20.4302,-3.79943,12.6557,19.6215,3.79788,12.4504,18.7713,-3.79838,4.33978,24.6047,0,0,0,0.0648522,0,0,-0.00781327,0,0,-0.0398451,0.0197221,-0.0193501,0.128047,-0.0150148,0.0154318,0.14258,0,0,0,0,0,0,-0.0068084,0.0145054,-0.113167,0.00730528,-0.0146359,-0.111571,0,0,0.155472,0,0,0.148451,0,0,-0.166419,0,0,-0.184393,3.74125,14.2211,-0.00837607,0,1,0,0,-3.38219e-05,0,0,-6.76438e-05,0,1.17102,0,0,0,0.00625038
0.956498,0,0,-0.291739,0.997113,0,0,0.0759326,0.979259,0,0,0.202615,0.992008,-1.31747e-05,1.29295e-05,0.126177,0.99692,1.00517e-05,-1.03271e-05,0.0784255,1,0,0,0,1,0,0,0,0.973705,0.00653013,-0.101641,-0.203778,0.971638,-0.00593403,0.105356,-0.211625,0.612082,0,0,-0.790794,0.621531,0,0,-0.78339,0.445099,0,0,0.895481,0.441503,0,0,0.89726,3.43213,0.758711,2.51321,3.41793,0.6,-2.58758,5.36425,4.40633,2.80206,5.31986,4.25751,-2.86705,3.98845,9.56554,2.36897,3.95259,9.50177,-2.3999,0,12.9374,0,1.0046,16.231,0,3.03163,19.8959,0,6.85743,20.7484,3.79991,6.7859,20.4497,-3.79993,12.6545,19.6511,3.79974,12.4511,18.8017,-3.7998,4.33433,24.6185,0,0,0,0.0184107,0,0,-0.00221819,0,0,-0.0113136,0.00558302,-0.00547819,0.03636,-0.00425041,0.00436898,0.0404781,0,0,0,0,0,0,-0.00193326,0.00411943,-0.0321284,0.00207419,-0.00415429,-0.0316823,0,0,0.0441492,0,0,0.0421393,0,0,-0.0472569,0,0,-0.0523567,3.73929,14.2322,-0.00835805,1,1,0,0,-4.24217e-06,0,0,-8.48435e-06,0,0.33205,0,0,0,0.00177478
