1,0,0,0,1,0,0,0,1,0,0,0,0.707107,0,0,-0.707107,0.707107,0,0,-0.707107,1,0,0,0,1,0,0,0,0.70615,-0.036753,-0.036753,-0.706152,0.705998,0.0395773,0.0395773,-0.705998,1,0,0,0,1,0,0,0,0.707107,0,0,0.707107,0.707107,0,0,0.707107,0.699966,0.6,3.34267,0.699995,0.615308,-3.48385,-2.52724e-05,5.12542,2.87033,-3.8147e-06,5.1368,-2.97531,-8.58307e-06,13.8281,1.96197,-1.43051e-06,13.832,-1.99736,0,19.8541,0,0,23.4541,0,0,27.6541,0,0,26.0541,3.8,0,26.0541,-3.8,2.38419e-07,20.1541,3.8,2.38419e-07,20.1541,-3.8,0,32.6541,0,0,0,0,0,0,0,0,0,0,0,0,0,0,0,0,0,0,0,0,0,0,0,0,0,0,0,0,0,0,0,0,0,0,0,0,0,0,0,0,0.0311076,19.47,-0.0125089,1,1,0,0,0,0,0,0,0,0.459194,0,0,0,0
1,0,0,0,1,0,0,0,1,0,0,0,0.716597,0,0,-0.697487,0.716707,0,0,-0.697374,1,0,0,0,1,0,0,0,0.713479,-0.0363679,-0.0369897,-0.698754,0.713548,0.03915,0.0398353,-0.698377,0.99992,0,0,-0.0126334,0.999917,0,0,-0.0128965,0.703075,0,0,0.711115,0.703188,0,0,0.711004,0.71783,0.6,3.33965,0.724127,0.615153,-3.48041,0.0660264,5.12506,2.86749,0.0719687,5.13645,-2.97209,0.0517398,13.8273,1.96105,0.054506,13.8311,-1.99632,0,19.8528,0,0.0242565,23.4528,0,0.0525558,27.6527,0,0.128252,26.0533,3.8,0.129266,26.0533,-3.8,0.247941,20.1545,3.8,0.250823,20.1546,-3.8,0.0862454,32.6525,0,0,0,0,0,0,0,0,0,0,0,0,0.810771,0,0,0.820273,0,0,0,0,0,0,0.0325166,-0.00881352,0.624754,-0.0360786,0.0094787,0.643587,0,0,-0.758022,0,0,-0.773814,0,0,0.341109,0,0,0.331632,0.0928017,19.469,-0.012465,0,0.999994,0,0,-0.00336898,0,0,-0.00673797,0,-0.0376511,0,0,0,-0.202139
1,0,0,0,1,0,0,0,1,0,0,0,0.727503,0,0,-0.686104,0.727738,0,0,-0.685855,1,0,0,0,1,0,0,0,0.721931,-0.0359137,-0.0372651,-0.690027,0.722251,0.0386459,0.0401357,-0.689383,0.999625,0,0,-0.0273692,0.99961,0,0,-0.0279392,0.698343,0,0,0.715763,0.698588,0,0,0.715524,0.738645,0.6,3.33553,0.75225,0.61514,-3.47574,0.143052,5.12398,2.8639,0.1559,5.13557,-2.968,0.112092,13.8238,1.95999,0.118076,13.8278,-1.99511,0,19.8477,0,0.0525535,23.4474,0,0.113866,27.6469,0,0.277838,26.0498,3.8,0.280031,26.0499,-3.8,0.537097,20.1555,3.8,0.543333,20.1558,-3.8,0.186857,32.6464,0,0,0,0,0,0,0,0,0,0,0,0,0.945876,0,0,0.956955,0,0,0,0,0,0,0.0379347,-0.0102822,0.72886,-0.0420906,0.0110585,0.750829,0,0,-0.884333,0,0,-0.902757,0,0,0.39795,0,0,0.3869,0.164757,19.4652,-0.0124103,0,0.999973,0,0,-0.00729929,0,0,-0.0145987,0,-0.153236,0,0,0,-0.235822
1,0,0,0,1,0,0,0,1,0,0,0,0.739658,0,0,-0.672983,0.74003,0,0,-0.672574,1,0,0,0,1,0,0,0,0.731391,-0.0353919,-0.0375769,-0.680002,0.731988,0.0380665,0.0404754,-0.679048,0.999028,0,0,-0.0440816,0.998987,0,0,-0.0449994,0.692937,0,0,0.720998,0.693335,0,0,0.720616,0.762213,0.6,3.33009,0.784097,0.615347,-3.46957,0.230381,5.1219,2.85945,0.251047,5.13396,-2.96294,0.180526,13.8167,1.95879,0.190152,13.821,-1.99374,0,19.8372,0,0.0846563,23.4362,0,0.183422,27.635,0,0.447453,26.0426,3.8,0.450981,26.0429,-3.8,0.86489,20.1574,3.8,0.874922,20.1581,-3.8,0.301,32.6337,0,0,0,0,0,0,0,0,0,0,0,0,1.07322,0,0,1.0858,0,0,0,0,0,0,0.0430425,-0.0116663,0.826989,-0.0477574,0.0125469,0.85192,0,0,-1.0034,0,0,-1.0243,0,0,0.45153,0,0,0.438988,0.246352,19.4573,-0.0123437,0,0.999931,0,0,-0.0117586,0,0,-0.0235178,0,-0.316029,0,0,0,-0.267573
1,0,0,0,1,0,0,0,1,0,0,0,0.752891,0,0,-0.658146,0.753407,0,0,-0.657554,1,0,0,0,1,0,0,0,0.741742,-0.0348041,-0.0379222,-0.668708,0.742636,0.0374135,0.0408517,-0.6674,0.998036,0,0,-0.0626419,0.997953,0,0,-0.0639451,0.686883,0,0,0.726768,0.687452,0,0,0.72623,0.788308,0.6,3.3231,0.819356,0.615846,-3.46166,0.3273,5.11853,2.85404,0.356624,5.1314,-2.9568,0.256495,13.8049,1.95748,0.270156,13.8096,-1.99224,0,19.8196,0,0.120329,23.4176,0,0.260712,27.6152,0,0.635756,26.0305,3.8,0.640759,26.031,-3.8,1.22864,20.1604,3.8,1.24287,20.1618,-3.8,0.427835,32.6124,0,0,0,0,0,0,0,0,0,0,0,0,1.19283,0,0,1.20681,0,0,0,0,0,0,0.047839,-0.0129667,0.919154,-0.0530796,0.0139455,0.946859,0,0,-1.11522,0,0,-1.13845,0,0,0.501848,0,0,0.487905,0.336943,19.4441,-0.0122641,0,0.99986,0,0,-0.0167147,0,0,-0.0334309,0,-0.528831,0,0,0,-0.297392
1,0,0,0,1,0,0,0,1,0,0,0,0.767023,0,0,-0.64162,0.76769,0,0,-0.640822,1,0,0,0,1,0,0,0,0.752863,-0.0341518,-0.0382986,-0.656174,0.75407,0.0366886,0.0412616,-0.654469,0.996556,0,0,-0.0829176,0.996412,0,0,-0.0846409,0.680205,0,0,0.733022,0.680965,0,0,0.732316,0.81669,0.6,3.31431,0.857729,0.616736,-3.45174,0.433075,5.11355,2.84758,0.471834,5.1277,-2.94949,0.339437,13.7872,1.95606,0.357491,13.7927,-1.99062,0,19.7932,0,0.159333,23.3897,0,0.345221,27.5855,0,0.841351,26.0124,3.8,0.84795,26.0133,-3.8,1.62553,20.1647,3.8,1.64429,20.1672,-3.8,0.566516,32.5806,0,0,0,0,0,0,0,0,0,0,0,0,1.30468,0,0,1.31997,0,0,0,0,0,0,0.0523252,-0.0141826,1.00535,-0.0580573,0.0152531,1.03565,0,0,-1.2198,0,0,-1.24521,0,0,0.548905,0,0,0.533663,0.435867,19.4243,-0.0121706,0,0.999755,0,0,-0.0221349,0,0,-0.0442735,0,-0.791817,0,0,0,-0.325279
1,0,0,0,1,0,0,0,1,0,0,0,0.781875,0,0,-0.623435,0.782694,0,0,-0.622406,1,0,0,0,1,0,0,0,0.764633,-0.0334366,-0.0387033,-0.642434,0.766163,0.0358936,0.0417022,-0.640286,0.994496,0,0,-0.104772,0.994265,0,0,-0.106947,0.672931,0,0,0.739705,0.673901,0,0,0.738822,0.847086,0.6,3.30351,0.89884,0.618078,-3.43955,0.546924,5.10667,2.83999,0.595799,5.12261,-2.94088,0.428759,13.7626,1.95456,0.451523,13.769,-1.9889,0,19.7563,0,0.201427,23.3507,0,0.436426,27.5441,0,1.06278,25.987,3.8,1.07108,25.9884,-3.8,2.05257,20.1706,3.8,2.07617,20.1746,-3.8,0.716187,32.5363,0,0,0,0,0,0,0,0,0,0,0,0,1.40878,0,0,1.42529,0,0,0,0,0,0,0.0565003,-0.0153141,1.08556,-0.0626897,0.0164703,1.11829,0,0,-1.31713,0,0,-1.34457,0,0,0.592711,0,0,0.576246,0.542431,19.3967,-0.0120623,0,0.999608,0,0,-0.027987,0,0,-0.0559813,0,-1.10538,0,0,0,-0.351234
1,0,0,0,1,0,0,0,1,0,0,0,0.797267,0,0,-0.603627,0.798237,0,0,-0.602343,1,0,0,0,1,0,0,0,0.77693,-0.0326604,-0.0391335,-0.62752,0.778787,0.0350303,0.0421704,-0.624888,0.991766,0,0,-0.128066,0.991419,0,0,-0.130719,0.665087,0,0,0.746766,0.666284,0,0,0.745698,0.879232,0.6,3.29048,0.942315,0.619948,-3.42486,0.668056,5.0976,2.83116,0.727629,5.11593,-2.93091,0.523857,13.7298,1.953,0.551599,13.7376,-1.98711,0,19.7074,0,0.246371,23.299,0,0.533804,27.4891,0,1.29854,25.9532,3.8,1.30862,25.9553,-3.8,2.50663,20.1782,3.8,2.5353,20.1842,-3.8,0.875985,32.4774,0,0,0,0,0,0,0,0,0,0,0,0,1.50514,0,0,1.52278,0,0,0,0,0,0,0.0603647,-0.0163617,1.15982,-0.0669774,0.0175966,1.19477,0,0,-1.40722,0,0,-1.43653,0,0,0.633244,0,0,0.61566,0.655922,19.36,-0.0119386,0,0.999414,0,0,-0.0342383,0,0,-0.0684899,0,-1.4677,0,0,0,-0.375257
1,0,0,0,1,0,0,0,1,0,0,0,0.813017,0,0,-0.58224,0.814134,0,0,-0.580677,1,0,0,0,1,0,0,0,0.789633,-0.0318252,-0.0395866,-0.611473,0.791817,0.0341011,0.0426632,-0.608312,0.98828,0,0,-0.152654,0.987787,0,0,-0.155808,0.6567,0,0,0.754152,0.658143,0,0,0.752893,0.912804,0.6,3.27502,0.987752,0.622424,-3.40747,0.795615,5.08604,2.82105,0.866386,5.10746,-2.91948,0.624089,13.688,1.9514,0.657039,13.6974,-1.98528,0,19.6449,0,0.293918,23.2328,0,0.636822,27.4188,0,1.54705,25.9099,3.8,1.55897,25.9129,-3.8,2.98443,20.1877,3.8,3.01832,20.1962,-3.8,1.04504,32.4021,0,0,0,0,0,0,0,0,0,0,0,0,1.59375,0,0,1.61243,0,0,0,0,0,0,0.0639186,-0.0173246,1.22809,-0.0709205,0.0186324,1.26511,0,0,-1.49006,0,0,-1.5211,0,0,0.670527,0,0,0.651898,0.775597,19.3132,-0.0117991,0,0.999165,0,0,-0.0408561,0,0,-0.0817349,0,-1.87626,0,0,0,-0.397349
1,0,0,0,1,0,0,0,1,0,0,0,0.828949,0,0,-0.559324,0.830204,0,0,-0.55746,1,0,0,0,1,0,0,0,0.802623,-0.0309333,-0.0400597,-0.594335,0.805126,0.0331084,0.0431775,-0.590603,0.98396,0,0,-0.178387,0.983287,0,0,-0.182062,0.647799,0,0,0.761811,0.649505,0,0,0.760357,0.947475,0.6,3.25699,1.03471,0.625573,-3.38718,0.928724,5.07175,2.80961,1.01108,5.097,-2.90657,0.728797,13.6361,1.94978,0.76713,13.6477,-1.98342,0,19.5673,0,0.343822,23.1508,0,0.744947,27.3316,0,1.80668,25.8561,3.8,1.82046,25.8602,-3.8,3.48251,20.1991,3.8,3.52171,20.2108,-3.8,1.22248,32.3088,0,0,0,0,0,0,0,0,0,0,0,0,1.67461,0,0,1.69423,0,0,0,0,0,0,0.0671614,-0.0182039,1.2904,-0.0745185,0.0195781,1.3293,0,0,-1.56566,0,0,-1.59827,0,0,0.704545,0,0,0.684972,0.90069,19.2551,-0.0116437,0,0.998857,0,0,-0.0478077,0,0,-0.0956518,0,-2.32698,0,0,0,-0.417508
1,0,0,0,1,0,0,0,1,0,0,0,0.844887,0,0,-0.534944,0.84627,0,0,-0.532755,1,0,0,0,1,0,0,0,0.815783,-0.029987,-0.0405501,-0.576155,0.818593,0.0320549,0.0437103,-0.571811,0.978738,0,0,-0.205114,0.977846,0,0,-0.209325,0.638415,0,0,0.769693,0.6404,0,0,0.768041,0.982892,0.6,3.23626,1.08271,0.629451,-3.36388,1.06647,5.05449,2.79679,1.16069,5.0844,-2.89212,0.8373,13.5733,1.94818,0.881137,13.5874,-1.98158,0,19.4735,0,0.395833,23.0516,0,0.857637,27.2262,0,2.07576,25.7909,3.8,2.09141,25.7964,-3.8,3.9973,20.2126,3.8,4.04181,20.2281,-3.8,1.40741,32.1958,0,0,0,0,0,0,0,0,0,0,0,0,1.74772,0,0,1.76819,0,0,0,0,0,0,0.0700931,-0.0189983,1.34673,-0.0777715,0.0204326,1.38733,0,0,-1.63401,0,0,-1.66805,0,0,0.735301,0,0,0.71488,1.03041,19.1847,-0.0114724,0,0.998483,0,0,-0.0550603,0,0,-0.110176,0,-2.81548,0,0,0,-0.435735
1,0,0,0,1,0,0,0,1,0,0,0,0.860664,0,0,-0.509173,0.862159,0,0,-0.506638,1,0,0,0,1,0,0,0,0.828998,-0.0289895,-0.0410549,-0.556988,0.832098,0.0309439,0.0442583,-0.551993,0.972553,0,0,-0.23268,0.971403,0,0,-0.237435,0.628578,0,0,0.777746,0.630858,0,0,0.775898,1.01869,0.6,3.21273,1.13127,0.6341,-3.33747,1.20792,5.03407,2.78259,1.31416,5.06949,-2.87613,0.948898,13.4989,1.94661,0.998307,13.516,-1.97978,0,19.3622,0,0.4497,22.934,0,0.974351,27.1011,0,2.35255,25.7134,3.8,2.37005,25.7204,-3.8,4.52511,20.228,3.8,4.57485,20.2479,-3.8,1.59893,32.062,0,0,0,0,0,0,0,0,0,0,0,0,1.81307,0,0,1.83432,0,0,0,0,0,0,0.0727148,-0.0197091,1.3971,-0.0806804,0.0211966,1.43921,0,0,-1.69512,0,0,-1.73043,0,0,0.762799,0,0,0.741613,1.16395,19.1013,-0.0112856,0,0.99804,0,0,-0.0625811,0,0,-0.125244,0,-3.33658,0,0,0,-0.45203
1,0,0,0,1,0,0,0,1,0,0,0,0.876118,0,0,-0.482096,0.877708,0,0,-0.479195,1,0,0,0,1,0,0,0,0.842161,-0.0279437,-0.0415714,-0.536895,0.845529,0.0297789,0.0448187,-0.531211,0.965359,0,0,-0.260927,0.963909,0,0,-0.266232,0.618322,0,0,0.785925,0.620912,0,0,0.78388,1.05449,0.6,3.18638,1.17989,0.639551,-3.3079,1.35211,5.01031,2.76702,1.47041,5.05214,-2.85863,1.06288,13.4122,1.94511,1.11787,13.4329,-1.97806,0,19.2328,0,0.505173,22.7972,0,1.09454,26.9556,0,2.63532,25.623,3.8,2.65459,25.6318,-3.8,5.06217,20.2453,3.8,5.11698,20.2702,-3.8,1.79617,31.9061,0,0,0,0,0,0,0,0,0,0,0,0,1.87068,0,0,1.89261,0,0,0,0,0,0,0.075025,-0.0203354,1.44149,-0.0832437,0.0218703,1.48494,0,0,-1.74898,0,0,-1.78541,0,0,0.787039,0,0,0.765177,1.30049,19.0041,-0.0110842,0,0.997523,0,0,-0.0703371,0,0,-0.14079,0,-3.88332,0,0,0,-0.466393
1,0,0,0,1,0,0,0,1,0,0,0,0.891098,0,0,-0.45381,0.892764,0,0,-0.450525,1,0,0,0,1,0,0,0,0.855166,-0.0268532,-0.0420968,-0.515943,0.858777,0.0285639,0.0453883,-0.509536,0.957119,0,0,-0.289696,0.955327,0,0,-0.295551,0.607683,0,0,0.79418,0.610596,0,0,0.791942,1.0899,0.6,3.1572,1.22807,0.64584,-3.27521,1.49807,4.98309,2.75013,1.62836,5.03226,-2.83965,1.17853,13.313,1.9437,1.23905,13.3377,-1.97644,0,19.0845,0,0.561996,22.6403,0,1.21766,26.7888,0,2.92229,25.5191,3.8,2.94325,25.5299,-3.8,5.60469,20.2641,3.8,5.66429,20.2948,-3.8,1.99821,31.7275,0,0,0,0,0,0,0,0,0,0,0,0,1.92055,0,0,1.94305,0,0,0,0,0,0,0.077025,-0.0208772,1.47991,-0.0854627,0.0224532,1.52452,0,0,-1.7956,0,0,-1.833,0,0,0.808021,0,0,0.785572,1.43919,18.8926,-0.0108692,0,0.99693,0,0,-0.0782954,0,0,-0.156751,0,-4.44969,0,0,0,-0.478826
1,0,0,0,1,0,0,0,1,0,0,0,0.905463,0,0,-0.424424,0.907182,0,0,-0.420738,1,0,0,0,1,0,0,0,0.867917,-0.0257219,-0.0426283,-0.494207,0.871739,0.0273031,0.045964,-0.487045,0.947813,0,0,-0.318827,0.945636,0,0,-0.325227,0.596696,0,0,0.802468,0.599945,0,0,0.800041,1.12453,0.6,3.12526,1.27526,0.652967,-3.23944,1.64483,4.95234,2.73196,1.7869,5.00977,-2.81927,1.29512,13.2008,1.94242,1.36106,13.23,-1.97496,0,18.9169,0,0.619918,22.4631,0,1.34316,26.6004,0,3.2117,25.4012,3.8,3.23422,25.4142,-3.8,6.14883,20.2842,3.8,6.21288,20.3213,-3.8,2.20415,31.5257,0,0,0,0,0,0,0,0,0,0,0,0,1.96265,0,0,1.98566,0,0,0,0,0,0,0.0787137,-0.0213352,1.51235,-0.0873366,0.0229456,1.55795,0,0,-1.83497,0,0,-1.87319,0,0,0.825731,0,0,0.802803,1.57924,18.7666,-0.010642,0,0.996258,0,0,-0.0864231,0,0,-0.173062,0,-5.0271,0,0,0,-0.489324
1,0,0,0,1,0,0,0,1,0,0,0,0.919086,0,0,-0.394058,0.920833,0,0,-0.389957,1,0,0,0,1,0,0,0,0.880323,-0.024554,-0.0431633,-0.471768,0.884322,0.0260013,0.0465429,-0.463823,0.937434,0,0,-0.348162,0.934829,0,0,-0.355097,0.5854,0,0,0.810744,0.588998,0,0,0.808134,1.15801,0.6,3.09067,1.32098,0.660923,-3.20074,1.79143,4.91801,2.71261,1.94494,4.98461,-2.79758,1.41193,13.0756,1.94127,1.48312,13.1098,-1.97365,0,18.7299,0,0.678685,22.2654,0,1.47048,26.3901,0,3.50178,25.2691,3.8,3.52571,25.2846,-3.8,6.69084,20.3053,3.8,6.7589,20.3494,-3.8,2.4131,31.3004,0,0,0,0,0,0,0,0,0,0,0,0,1.99702,0,0,2.02043,0,0,0,0,0,0,0.0800921,-0.0217085,1.53885,-0.0888656,0.0233473,1.58523,0,0,-1.8671,0,0,-1.90599,0,0,0.840197,0,0,0.816851,1.71979,18.6259,-0.0104043,0,0.995507,0,0,-0.0946872,0,0,-0.189658,0,-5.60863,0,0,0,-0.497892
1,0,0,0,1,0,0,0,1,0,0,0,0.931851,0,0,-0.362841,0.933601,0,0,-0.358315,1,0,0,0,1,0,0,0,0.892302,-0.023354,-0.0436991,-0.448712,0.896441,0.0246635,0.0471221,-0.43996,0.925992,0,0,-0.377544,0.922916,0,0,-0.385,0.573838,0,0,0.818969,0.577794,0,0,0.816183,1.18996,0.6,3.05356,1.36473,0.669699,-3.15927,1.93691,4.88012,2.69217,2.10144,4.9568,-2.77472,1.52825,12.9374,1.9403,1.60448,12.9772,-1.97253,0,18.5238,0,0.738043,22.0473,0,1.59909,26.1581,0,3.79083,25.1228,3.8,3.81598,25.141,-3.8,7.22705,20.3267,3.8,7.29859,20.3785,-3.8,2.62415,31.0519,0,0,0,0,0,0,0,0,0,0,0,0,2.02364,0,0,2.04735,0,0,0,0,0,0,0.0811594,-0.0219979,1.55935,-0.0900501,0.0236586,1.60636,0,0,-1.89198,0,0,-1.93139,0,0,0.851387,0,0,0.82774,1.86005,18.4704,-0.0101578,0,0.994676,0,0,-0.103055,0,0,-0.206476,0,-6.1857,0,0,0,-0.504528
1,0,0,0,1,0,0,0,1,0,0,0,0.943661,0,0,-0.330915,0.945385,0,0,-0.325955,1,0,0,0,1,0,0,0,0.903778,-0.0221268,-0.0442331,-0.425134,0.908018,0.0232954,0.0476987,-0.415554,0.913509,0,0,-0.40682,0.909923,0,0,-0.414777,0.56205,0,0,0.827103,0.566373,0,0,0.824149,1.22002,0.6,3.01416,1.40604,0.679264,-3.11528,2.08037,4.83873,2.67078,2.25536,4.92634,-2.75082,1.64341,12.7866,1.93952,1.7244,12.8324,-1.97163,0,18.2988,0,0.797744,21.8092,0,1.72845,25.9048,0,4.07717,24.9624,3.8,4.10334,24.9835,-3.8,7.75392,20.3481,3.8,7.82835,20.4081,-3.8,2.83642,30.7805,0,0,0,0,0,0,0,0,0,0,0,0,2.04251,0,0,2.06644,0,0,0,0,0,0,0.0819162,-0.0222031,1.57389,-0.0908897,0.023879,1.62133,0,0,-1.90962,0,0,-1.9494,0,0,0.859326,0,0,0.835458,1.99923,18.3006,-0.00990495,0,0.993765,0,0,-0.111493,0,0,-0.22345,0,-6.74995,0,0,0,-0.509231
1,0,0,0,1,0,0,0,1,0,0,0,0.954432,0,0,-0.298429,0.956104,0,0,-0.293029,1,0,0,0,1,0,0,0,0.914688,-0.0208776,-0.0447628,-0.401131,0.918987,0.0219026,0.0482701,-0.390709,0.900025,0,0,-0.435839,0.89589,0,0,-0.444275,0.550082,0,0,0.835111,0.55478,0,0,0.831997,1.24789,0.6,2.97269,1.44449,0.689562,-3.06904,2.22091,4.79395,2.64857,2.4057,4.8933,-2.72605,1.75674,12.6237,1.93894,1.84216,12.6758,-1.97096,0,18.0557,0,0.857538,21.552,0,1.858,25.6311,0,4.35921,24.7882,3.8,4.38617,24.8123,-3.8,8.26812,20.3688,3.8,8.34479,20.4374,-3.8,3.04902,30.4872,0,0,0,0,0,0,0,0,0,0,0,0,2.05362,0,0,2.07769,0,0,0,0,0,0,0.0823616,-0.0223238,1.58245,-0.0913843,0.0240089,1.63015,0,0,-1.92001,0,0,-1.96001,0,0,0.864004,0,0,0.840011,2.13655,18.1168,-0.00964771,0,0.992778,0,0,-0.119969,0,0,-0.240517,0,-7.29286,0,0,0,-0.512002
1,0,0,0,1,0,0,0,1,0,0,0,0.9641,0,0,-0.265539,0.96569,0,0,-0.259697,1,0,0,0,1,0,0,0,0.924975,-0.0196117,-0.0452859,-0.376809,0.92929,0.0204913,0.0488336,-0.365533,0.885595,0,0,-0.464458,0.880877,0,0,-0.473346,0.537979,0,0,0.842958,0.543059,0,0,0.839695,1.27325,0.6,2.92945,1.47967,0.700534,-3.02087,2.35772,4.74594,2.62572,2.55157,4.85776,-2.70059,1.86761,12.4491,1.93858,1.95711,12.508,-1.97055,0,17.7954,0,0.917179,21.2767,0,1.98722,25.3381,0,4.63545,24.6006,3.8,4.66295,24.6279,-3.8,8.76655,20.3882,3.8,8.84475,20.4658,-3.8,3.26108,30.1731,0,0,0,0,0,0,0,0,0,0,0,0,2.05699,0,0,2.0811,0,0,0,0,0,0,0.0824971,-0.0223605,1.58505,-0.0915343,0.0240482,1.63283,0,0,-1.92316,0,0,-1.96323,0,0,0.865424,0,0,0.841373,2.27132,17.9198,-0.00938852,0,0.991716,0,0,-0.12845,0,0,-0.257612,0,-7.8063,0,0,0,-0.512844
1,0,0,0,1,0,0,0,1,0,0,0,0.972618,0,0,-0.232408,0.974098,0,0,-0.226125,1,0,0,0,1,0,0,0,0.934595,-0.0183349,-0.0458,-0.352277,0.938883,0.0190678,0.0493868,-0.340141,0.870289,0,0,-0.492541,0.864955,0,0,-0.50185,0.525791,0,0,0.850613,0.531256,0,0,0.847211,1.29587,0.6,2.88475,1.51126,0.712118,-2.97113,2.49003,4.69493,2.60238,2.69212,4.81987,-2.67463,1.97545,12.2639,1.93844,2.06861,12.3299,-1.9704,0,17.5194,0,0.976426,20.9844,0,2.11559,25.027,0,4.90449,24.4004,3.8,4.93227,24.431,-3.8,9.2464,20.4057,3.8,9.32539,20.4926,-3.8,3.47174,29.8396,0,0,0,0,0,0,0,0,0,0,0,0,2.0526,0,0,2.07666,0,0,0,0,0,0,0.0823212,-0.0223128,1.58167,-0.091339,0.0239973,1.62935,0,0,-1.91906,0,0,-1.95904,0,0,0.863571,0,0,0.839596,2.40284,17.7104,-0.00912978,0,0.990584,0,0,-0.136904,0,0,-0.27467,0,-8.28192,0,0,0,-0.511748
1,0,0,0,1,0,0,0,1,0,0,0,0.979958,0,0,-0.199203,0.9813,0,0,-0.192482,1,0,0,0,1,0,0,0,0.943511,-0.0170529,-0.046303,-0.327646,0.94773,0.0176388,0.0499272,-0.31465,0.854191,0,0,-0.519959,0.848213,0,0,-0.529655,0.513567,0,0,0.858049,0.51942,0,0,0.854519,1.31553,0.6,2.83893,1.53899,0.724223,-2.92022,2.61715,4.64117,2.57874,2.82658,4.77979,-2.64839,2.0797,12.0689,1.93854,2.1761,12.1424,-1.97052,0,17.229,0,1.03504,20.677,0,2.24259,24.6996,0,5.16505,24.1885,3.8,5.19283,24.2224,-3.8,9.70518,20.4205,3.8,9.78418,20.5171,-3.8,3.68015,29.4885,0,0,0,0,0,0,0,0,0,0,0,0,2.04048,0,0,2.06439,0,0,0,0,0,0,0.0818349,-0.022181,1.57232,-0.0907997,0.0238553,1.61972,0,0,-1.90772,0,0,-1.94747,0,0,0.858486,0,0,0.834632,2.53051,17.4897,-0.00887375,0,0.989388,0,0,-0.145298,0,0,-0.291628,0,-8.71222,0,0,0,-0.508725
1,0,0,0,1,0,0,0,1,0,0,0,0.98611,0,0,-0.166095,0.987288,0,0,-0.158943,1,0,0,0,1,0,0,0,0.9517,-0.0157719,-0.0467929,-0.303033,0.955807,0.016211,0.0504528,-0.28918,0.8374,0,0,-0.546591,0.830754,0,0,-0.55664,0.501359,0,0,0.865239,0.5076,0,0,0.861593,1.33208,0.6,2.79236,1.56264,0.736757,-2.86853,2.73847,4.58496,2.55498,2.95431,4.73773,-2.62206,2.17991,11.8653,1.93888,2.27909,11.9465,-1.97091,0,16.926,0,1.09279,20.3561,0,2.36772,24.358,0,5.41598,23.9659,3.8,5.4435,24.0032,-3.8,10.1407,20.4322,3.8,10.219,20.5385,-3.8,3.88549,29.122,0,0,0,0,0,0,0,0,0,0,0,0,2.0206,0,0,2.04427,0,0,0,0,0,0,0.0810373,-0.0219648,1.557,-0.0899146,0.0236229,1.60394,0,0,-1.88914,0,0,-1.92849,0,0,0.850103,0,0,0.826492,2.65375,17.2591,-0.00862285,0,0.988133,0,0,-0.1536,0,0,-0.30842,0,-9.08924,0,0,0,-0.503769
1,0,0,0,1,0,0,0,1,0,0,0,0.991082,0,0,-0.133255,0.992071,0,0,-0.125681,1,0,0,0,1,0,0,0,0.959146,-0.0144979,-0.0472678,-0.278557,0.963101,0.0147914,0.0509616,-0.263856,0.820024,0,0,-0.572329,0.812693,0,0,-0.582692,0.489219,0,0,0.872161,0.495847,0,0,0.86841,1.34543,0.6,2.74541,1.58208,0.749621,-2.8165,2.85346,4.52668,2.53129,3.07474,4.69393,-2.59586,2.27563,11.6546,1.93944,2.37712,11.7436,-1.97156,0,16.6124,0,1.14945,20.024,0,2.49048,24.0042,0,5.65628,23.734,3.8,5.68326,23.7748,-3.8,10.5513,20.4403,3.8,10.628,20.5562,-3.8,4.08694,28.7425,0,0,0,0,0,0,0,0,0,0,0,0,1.99297,0,0,2.01633,0,0,0,0,0,0,0.0799293,-0.0216646,1.53572,-0.0886853,0.0232999,1.58201,0,0,-1.8633,0,0,-1.90212,0,0,0.838487,0,0,0.815198,2.77206,17.0199,-0.00837903,0,0.986827,0,0,-0.161777,0,0,-0.324983,0,-9.40653,0,0,0,-0.496882
1,0,0,0,1,0,0,0,1,0,0,0,0.994901,0,0,-0.100854,0.995678,0,0,-0.0928717,1,0,0,0,1,0,0,0,0.965847,-0.0132374,-0.047726,-0.254337,0.969612,0.0133869,0.0514516,-0.238802,0.802187,0,0,-0.597073,0.794157,0,0,-0.607712,0.477201,0,0,0.878794,0.484214,0,0,0.874949,1.35553,0.6,2.69846,1.59726,0.762708,-2.76454,2.9617,4.4667,2.50785,3.18744,4.64867,-2.56999,2.36652,11.4381,1.94022,2.46985,11.5351,-1.97246,0,16.2905,0,1.2048,19.6829,0,2.6104,23.6408,0,5.88509,23.4942,3.8,5.91127,23.5384,-3.8,10.9355,20.4441,3.8,11.01,20.5696,-3.8,4.28373,28.3524,0,0,0,0,0,0,0,0,0,0,0,0,1.95759,0,0,1.98053,0,0,0,0,0,0,0.0785106,-0.02128,1.50845,-0.0871109,0.0228864,1.55393,0,0,-1.83023,0,0,-1.86836,0,0,0.823603,0,0,0.800722,2.88501,16.7738,-0.00814444,0,0.985479,0,0,-0.169799,0,0,-0.341251,0,-9.65755,0,0,0,-0.488059
1,0,0,0,1,0,0,0,1,0,0,0,0.997612,0,0,-0.0690629,0.998157,0,0,-0.0606867,1,0,0,0,1,0,0,0,0.971807,-0.0119964,-0.0481659,-0.230494,0.975347,0.0120047,0.0519213,-0.214145,0.784021,0,0,-0.620734,0.775285,0,0,-0.631612,0.465361,0,0,0.885121,0.472754,0,0,0.881194,1.36241,0.6,2.65189,1.6082,0.775901,-2.71309,3.06286,4.40548,2.48485,3.29206,4.60225,-2.54465,2.45226,11.2174,1.9412,2.55696,11.3225,-1.97359,0,15.9626,0,1.25862,19.3355,0,2.72701,23.2704,0,6.10169,23.2482,3.8,6.12683,23.2957,-3.8,11.2924,20.4435,3.8,11.3639,20.5785,-3.8,4.47509,27.9549,0,0,0,0,0,0,0,0,0,0,0,0,1.91446,0,0,1.9369,0,0,0,0,0,0,0.0767809,-0.020811,1.47522,-0.0851918,0.0223819,1.51969,0,0,-1.78991,0,0,-1.82719,0,0,0.805464,0,0,0.783083,2.99222,16.5227,-0.00792073,0,0.984097,0,0,-0.177633,0,0,-0.357162,0,-9.8368,0,0,0,-0.47731
1,0,0,0,1,0,0,0,1,0,0,0,0.999276,0,0,-0.0380489,0.999571,0,0,-0.029296,1,0,0,0,1,0,0,0,0.977042,-0.0107815,-0.0485861,-0.207151,0.980326,0.0106518,0.0523692,-0.190012,0.765668,0,0,-0.643237,0.756224,0,0,-0.654313,0.453756,0,0,0.891126,0.461521,0,0,0.887129,1.36615,0.6,2.60608,1.615,0.789091,-2.66254,3.15669,4.34347,2.46244,3.38841,4.55503,-2.52001,2.53264,10.9943,1.94237,2.63825,11.1074,-1.97493,0,15.6313,0,1.3107,18.9843,0,2.83986,22.896,0,6.30554,22.9978,3.8,6.32941,23.0486,-3.8,11.6213,20.4381,3.8,11.6892,20.5823,-3.8,4.66028,27.5528,0,0,0,0,0,0,0,0,0,0,0,0,1.86359,0,0,1.88543,0,0,0,0,0,0,0.0747406,-0.0202581,1.43602,-0.0829284,0.0217874,1.47931,0,0,-1.74235,0,0,-1.77865,0,0,0.784056,0,0,0.762277,3.0934,16.2683,-0.00770935,0,0.982692,0,0,-0.185248,0,0,-0.372649,0,-9.93911,0,0,0,-0.464623
1,0,0,0,1,0,0,0,1,0,0,0,0.999968,0,0,-0.00797531,0.999999,0,0,0.00113499,1,0,0,0,1,0,0,0,0.981577,-0.00959891,-0.0489853,-0.18443,0.984578,0.00933525,0.052794,-0.166527,0.747276,0,0,-0.664514,0.737128,0,0,-0.675753,0.442441,0,0,0.896797,0.45057,0,0,0.892741,1.36691,0.6,2.56138,1.61786,0.802159,-2.6133,3.24307,4.28117,2.44079,3.47639,4.50737,-2.49626,2.60749,10.7706,1.94369,2.71358,10.8917,-1.97646,0,15.2993,0,1.36085,18.6322,0,2.9485,22.5206,0,6.49622,22.7451,3.8,6.51862,22.7989,-3.8,11.9222,20.428,3.8,11.9859,20.5811,-3.8,4.83857,27.1496,0,0,0,0,0,0,0,0,0,0,0,0,1.80496,0,0,1.82611,0,0,0,0,0,0,0.0723893,-0.019621,1.39085,-0.0803192,0.0211018,1.43277,0,0,-1.68752,0,0,-1.72269,0,0,0.75938,0,0,0.738301,3.18832,16.0129,-0.00751148,0,0.981275,0,0,-0.192613,0,0,-0.38765,0,-9.96048,0,0,0,-0.450009
1,0,0,0,1,0,0,0,1,0,0,0,0.999779,0,0,0.0209996,0.999536,0,0,0.0304464,1,0,0,0,1,0,0,0,0.985445,-0.00845492,-0.0493625,-0.16245,0.988141,0.00806209,0.0531945,-0.143815,0.729001,0,0,-0.684512,0.71816,0,0,-0.695878,0.431476,0,0,0.902125,0.439958,0,0,0.898018,1.3649,0.6,2.51814,1.61704,0.814993,-2.56574,3.32195,4.21913,2.42005,3.55601,4.45969,-2.47355,2.6767,10.5482,1.94516,2.78287,10.677,-1.97814,0,14.9694,0,1.40886,18.2823,0,3.05253,22.1473,0,6.67345,22.4921,3.8,6.69423,22.5489,-3.8,12.195,20.4132,3.8,12.2541,20.5747,-3.8,5.00928,26.7485,0,0,0,0,0,0,0,0,0,0,0,0,1.73859,0,0,1.75896,0,0,0,0,0,0,0.0697272,-0.0188993,1.3397,-0.0773656,0.020326,1.38008,0,0,-1.62548,0,0,-1.65934,0,0,0.731471,0,0,0.711143,3.2768,15.7585,-0.00732812,0,0.979858,0,0,-0.199697,0,0,-0.402098,0,-9.89742,0,0,0,-0.433459
1,0,0,0,1,0,0,0,1,0,0,0,0.998812,0,0,0.0487229,0.998288,0,0,0.0584839,1,0,0,0,1,0,0,0,0.988686,-0.00735573,-0.0497166,-0.141331,0.99106,0.0068392,0.0535699,-0.122001,0.711004,0,0,-0.703188,0.699486,0,0,-0.714646,0.420917,0,0,0.907099,0.42974,0,0,0.902953,1.36038,0.6,2.47666,1.61289,0.827478,-2.52019,3.39339,4.15788,2.40034,3.62741,4.41239,-2.45201,2.74024,10.329,1.94672,2.84612,10.4654,-1.97994,0,14.6445,0,1.45455,17.9376,0,3.15152,21.7795,0,6.8371,22.2412,3.8,6.85611,22.3008,-3.8,12.4405,20.3939,3.8,12.4945,20.5634,-3.8,5.17173,26.3532,0,0,0,0,0,0,0,0,0,0,0,0,1.66447,0,0,1.68397,0,0,0,0,0,0,0.0667546,-0.0180935,1.28258,-0.0740673,0.0194594,1.32125,0,0,-1.55617,0,0,-1.5886,0,0,0.700278,0,0,0.68083,3.35873,15.5074,-0.00715968,0,0.978453,0,0,-0.20647,0,0,-0.415931,0,-9.74736,0,0,0,-0.414979
1,0,0,0,1,0,0,0,1,0,0,0,0.99718,0,0,0.0750481,0.996372,0,0,0.0850999,1,0,0,0,1,0,0,0,0.991347,-0.00630749,-0.0500468,-0.12119,0.993387,0.00567339,0.0539194,-0.101205,0.693449,0,0,-0.720506,0.681276,0,0,-0.732027,0.410826,0,0,0.911714,0.419973,0,0,0.907537,1.35366,0.6,2.43725,1.60581,0.839507,-2.47698,3.45752,4.09798,2.38177,3.69081,4.36594,-2.43178,2.79812,10.1151,1.94837,2.90339,10.2587,-1.98182,0,14.3275,0,1.49773,17.6012,0,3.24509,21.4205,0,6.98715,21.9946,3.8,7.00428,22.0568,-3.8,12.6593,20.3707,3.8,12.708,20.5476,-3.8,5.32528,25.9672,0,0,0,0,0,0,0,0,0,0,0,0,1.58259,0,0,1.60114,0,0,0,0,0,0,0.063471,-0.0172037,1.21949,-0.070424,0.0185021,1.25625,0,0,-1.47963,0,0,-1.51045,0,0,0.665832,0,0,0.647328,3.43407,15.2619,-0.00700665,0,0.977074,0,0,-0.2129,0,0,-0.429083,0,-9.50841,0,0,0,-0.394568
1,0,0,0,1,0,0,0,1,0,0,0,0.995004,0,0,0.0998349,0.993915,0,0,0.110153,1,0,0,0,1,0,0,0,0.99348,-0.00531622,-0.0503524,-0.102145,0.995182,0.00457131,0.0542421,-0.0815452,0.676501,0,0,-0.736442,0.663701,0,0,-0.747998,0.401259,0,0,0.915965,0.410715,0,0,0.911764,1.34513,0.6,2.40016,1.59627,0.850974,-2.43639,3.51455,4.04003,2.36445,3.74651,4.32079,-2.41294,2.85041,9.90846,1.95005,2.95481,10.059,-1.98375,0,14.0216,0,1.53824,17.2764,0,3.33284,21.0737,0,7.12365,21.755,3.8,7.13886,21.8196,-3.8,12.8525,20.344,3.8,12.8957,20.5278,-3.8,5.46928,25.5942,0,0,0,0,0,0,0,0,0,0,0,0,1.49297,0,0,1.51047,0,0,0,0,0,0,0.0598766,-0.0162292,1.15044,-0.0664359,0.0174545,1.18511,0,0,-1.39583,0,0,-1.42493,0,0,0.628116,0,0,0.610678,3.5028,15.0245,-0.00686896,0,0.975735,0,0,-0.218957,0,0,-0.441491,0,-9.17936,0,0,0,-0.372224
1,0,0,0,1,0,0,0,1,0,0,0,0.992413,0,0,0.12295,0.991047,0,0,0.13351,1,0,0,0,1,0,0,0,0.995143,-0.00438783,-0.0506329,-0.084307,0.996507,0.00353948,0.0545378,-0.0631392,0.660327,0,0,-0.750978,0.646933,0,0,-0.762547,0.392276,0,0,0.919848,0.402021,0,0,0.91563,1.3352,0.6,2.36564,1.58481,0.861777,-2.39866,3.56476,3.9846,2.34846,3.79493,4.27742,-2.39559,2.89722,9.71115,1.95174,3.00052,9.86823,-1.98568,0,13.7296,0,1.57588,16.9663,0,3.41441,20.7425,0,7.24677,21.5248,3.8,7.26004,21.5916,-3.8,13.0213,20.3147,3.8,13.0591,20.5048,-3.8,5.60313,25.238,0,0,0,0,0,0,0,0,0,0,0,0,1.3956,0,0,1.41195,0,0,0,0,0,0,0.0559716,-0.015171,1.0754,-0.062103,0.0163163,1.10782,0,0,-1.3048,0,0,-1.33198,0,0,0.587168,0,0,0.57086,3.56497,14.7974,-0.00674657,0,0.974448,0,0,-0.224612,0,0,-0.453089,0,-8.76005,0,0,0,-0.347946
1,0,0,0,1,0,0,0,1,0,0,0,0.989539,0,0,0.144265,0.987908,0,0,0.155042,1,0,0,0,1,0,0,0,0.996395,-0.00352811,-0.0508876,-0.0677888,0.997429,0.0025843,0.0548058,-0.0461003,0.645094,0,0,-0.764104,0.631145,0,0,-0.775665,0.383936,0,0,0.92336,0.393951,0,0,0.919132,1.32428,0.6,2.33389,1.57198,0.871833,-2.36402,3.60848,3.93229,2.33387,3.83649,4.23633,-2.3798,2.93869,9.52522,1.9534,3.04075,9.68837,-1.98758,0,13.4545,0,1.6105,16.6742,0,3.48942,20.4305,0,7.35673,21.3066,3.8,7.36808,21.3754,-3.8,13.1674,20.2836,3.8,13.1996,20.4793,-3.8,5.72623,24.9023,0,0,0,0,0,0,0,0,0,0,0,0,1.29049,0,0,1.30561,0,0,0,0,0,0,0.0517556,-0.0140282,0.994402,-0.0574254,0.015087,1.02438,0,0,-1.20653,0,0,-1.23166,0,0,0.542936,0,0,0.527852,3.62064,14.5831,-0.00663904,0,0.97323,0,0,-0.229834,0,0,-0.463813,0,-8.2505,0,0,0,-0.321738
1,0,0,0,1,0,0,0,1,0,0,0,0.986517,0,0,0.163657,0.984635,0,0,0.174627,1,0,0,0,1,0,0,0,0.997298,-0.00274273,-0.0511161,-0.052699,0.998015,0.00171201,0.0550458,-0.0305397,0.630964,0,0,-0.775812,0.616505,0,0,-0.787351,0.376299,0,0,0.926498,0.386559,0,0,0.922265,1.31286,0.6,2.30511,1.55838,0.881047,-2.33266,3.64606,3.88367,2.32074,3.87169,4.19799,-2.36561,2.97499,9.35269,1.95499,3.07572,9.52139,-1.9894,0,13.1995,0,1.64194,16.4032,0,3.55753,20.1409,0,7.45378,21.1031,3.8,7.46328,21.1737,-3.8,13.292,20.2517,3.8,13.319,20.4524,-3.8,5.83799,24.5906,0,0,0,0,0,0,0,0,0,0,0,0,1.17762,0,0,1.1914,0,0,0,0,0,0,0.0472292,-0.0128011,0.907431,-0.0524028,0.0137673,0.934793,0,0,-1.101,0,0,-1.12394,0,0,0.495443,0,0,0.481682,3.6699,14.384,-0.00654583,0,0.972094,0,0,-0.234593,0,0,-0.4736,0,-7.65223,0,0,0,-0.293601
1,0,0,0,1,0,0,0,1,0,0,0,0.983481,0,0,0.18101,0.981366,0,0,0.192148,1,0,0,0,1,0,0,0,0.997913,-0.00203725,-0.0513179,-0.0391444,0.998334,0.000928698,0.0552575,-0.0165667,0.618101,0,0,-0.786098,0.60318,0,0,-0.797605,0.369422,0,0,0.929262,0.379904,0,0,0.925026,1.3014,0.6,2.27945,1.54462,0.889343,-2.30474,3.67788,3.83933,2.30912,3.90104,4.1629,-2.35307,3.0063,9.19555,1.95649,3.10568,9.36926,-1.99111,0,12.9673,0,1.67001,16.1565,0,3.61836,19.8772,0,7.53821,20.9168,3.8,7.54595,20.9889,-3.8,13.3969,20.2201,3.8,13.419,20.4252,-3.8,5.93783,24.3067,0,0,0,0,0,0,0,0,0,0,0,0,1.05699,0,0,1.0694,0,0,0,0,0,0,0.0423919,-0.0114904,0.81449,-0.0470357,0.0123574,0.839041,0,0,-0.988229,0,0,-1.00881,0,0,0.44471,0,0,0.432351,3.71285,14.2025,-0.00646621,0,0.971054,0,0,-0.23886,0,0,-0.482384,0,-6.96616,0,0,0,-0.263528
1,0,0,0,1,0,0,0,1,0,0,0,0.980562,0,0,0.196209,0.978237,0,0,0.20749,1,0,0,0,1,0,0,0,0.998301,-0.00141715,-0.0514927,-0.02723,0.998453,0.00024037,0.0554406,-0.00428807,0.606662,0,0,-0.79496,0.591333,0,0,-0.806428,0.363363,0,0,0.931648,0.37404,0,0,0.927413,1.29039,0.6,2.25706,1.53129,0.896644,-2.28041,3.70435,3.79983,2.29904,3.92506,4.13155,-2.34222,3.0328,9.05576,1.95785,3.13086,9.23387,-1.99267,0,12.7608,0,1.69458,15.937,0,3.67158,19.6426,0,7.61026,20.7503,3.8,7.61642,20.8238,-3.8,13.4836,20.19,3.8,13.5011,20.3988,-3.8,6.02516,24.054,0,0,0,0,0,0,0,0,0,0,0,0,0.928627,0,0,0.93951,0,0,0,0,0,0,0.0372431,-0.0100943,0.715578,-0.0413232,0.0108567,0.737139,0,0,-0.868213,0,0,-0.886306,0,0,0.390687,0,0,0.379844,3.74959,14.0408,-0.0063996,0,0.970125,0,0,-0.242606,0,0,-0.490102,0,-6.19492,0,0,0,-0.231523
1,0,0,0,1,0,0,0,1,0,0,0,0.977885,0,0,0.209143,0.975377,0,0,0.220544,1,0,0,0,1,0,0,0,0.99852,-0.000887771,-0.05164,-0.0170589,0.998434,-0.00034709,0.0555946,0.00619142,0.596799,0,0,-0.802391,0.58112,0,0,-0.813818,0.35818,0,0,0.933653,0.369024,0,0,0.92942,1.28029,0.6,2.23809,1.519,0.90288,-2.25982,3.72581,3.76573,2.29055,3.94424,4.1044,-2.33309,3.05467,8.93519,1.95905,3.15151,9.11706,-1.99404,0,12.5827,0,1.71546,15.7477,0,3.71683,19.4402,0,7.67019,20.6062,3.8,7.67494,20.6807,-3.8,13.5535,20.1624,3.8,13.567,20.3744,-3.8,6.09941,23.8361,0,0,0,0,0,0,0,0,0,0,0,0,0.792518,0,0,0.801809,0,0,0,0,0,0,0.0317844,-0.00861503,0.610685,-0.0352659,0.00926524,0.629096,0,0,-0.740958,0,0,-0.756394,0,0,0.333431,0,0,0.324168,3.7802,13.9011,-0.00634522,0,0.969321,0,0,-0.245799,0,0,-0.496688,0,-5.34119,0,0,0,-0.197587
1,0,0,0,1,0,0,0,1,0,0,0,0.975567,0,0,0.219703,0.972907,0,0,0.231199,1,0,0,0,1,0,0,0,0.998621,-0.000454425,-0.0517592,-0.00873277,0.998337,-0.000827889,0.0557191,0.0147682,0.588658,0,0,-0.808382,0.572692,0,0,-0.819771,0.35393,0,0,0.935272,0.36491,0,0,0.931043,1.27152,0.6,2.22265,1.50832,0.907986,-2.24308,3.74259,3.73754,2.28367,3.95902,4.08192,-2.32571,3.07205,8.83565,1.96006,3.16783,9.0206,-1.99518,0,12.4358,0,1.7325,15.5915,0,3.75374,19.2731,0,7.71816,20.4868,3.8,7.72173,20.5622,-3.8,13.6079,20.1386,3.8,13.618,20.3531,-3.8,6.15998,23.6561,0,0,0,0,0,0,0,0,0,0,0,0,0.648665,0,0,0.656254,0,0,0,0,0,0,0.0260145,-0.0070513,0.499831,-0.0288646,0.00758372,0.514902,0,0,-0.606451,0,0,-0.619082,0,0,0.272906,0,0,0.265331,3.80475,13.7858,-0.00630252,0,0.968655,0,0,-0.248411,0,0,-0.502079,0,-4.40812,0,0,0,-0.161722
1,0,0,0,1,0,0,0,1,0,0,0,0.973713,0,0,0.227777,0.970935,0,0,0.239345,1,0,0,0,1,0,0,0,0.998652,-0.000122339,-0.0518498,-0.00235237,0.998212,-0.00119627,0.0558135,0.0213396,0.58238,0,0,-0.812917,0.566193,0,0,-0.824273,0.350668,0,0,0.9365,0.361753,0,0,0.932274,1.26451,0.6,2.21089,1.49973,0.911897,-2.23034,3.75498,3.71579,2.27845,3.96979,4.06452,-2.32012,3.08506,8.75886,1.96084,3.17998,8.94617,-1.99608,0,12.3225,0,1.74552,15.471,0,3.78195,19.1443,0,7.75426,20.3945,3.8,7.7569,20.4706,-3.8,13.6478,20.1195,3.8,13.6554,20.3359,-3.8,6.20628,23.5172,0,0,0,0,0,0,0,0,0,0,0,0,0.497031,0,0,0.502868,0,0,0,0,0,0,0.0199344,-0.00540286,0.383002,-0.0221179,0.00581056,0.394556,0,0,-0.464709,0,0,-0.474393,0,0,0.209119,0,0,0.203304,3.82324,13.6967,-0.00627083,0,0.96814,0,0,-0.250411,0,0,-0.506209,0,-3.39984,0,0,0,-0.123922
1,0,0,0,1,0,0,0,1,0,0,0,0.972416,0,0,0.233253,0.969556,0,0,0.244869,1,0,0,0,1,0,0,0,0.99865,0.000103271,-0.0519109,0.00198239,0.998103,-0.00144651,0.0558773,0.0258032,0.578094,0,0,-0.81597,0.561757,0,0,-0.827302,0.348449,0,0,0.937328,0.359606,0,0,0.933104,1.25959,0.6,2.20293,1.49371,0.914556,-2.22172,3.76316,3.70093,2.27492,3.97683,4.05263,-2.31634,3.09373,8.70644,1.96138,3.18805,8.89535,-1.9967,0,12.2451,0,1.75434,15.3887,0,3.80108,19.0563,0,7.77846,20.3313,3.8,7.78047,20.4078,-3.8,13.6742,20.1062,3.8,13.6799,20.3238,-3.8,6.23767,23.4224,0,0,0,0,0,0,0,0,0,0,0,0,0.337679,0,0,0.341628,0,0,0,0,0,0,0.0135427,-0.00367105,0.260203,-0.0150264,0.00394799,0.268035,0,0,-0.315707,0,0,-0.322287,0,0,0.142064,0,0,0.138123,3.83565,13.6359,-0.00624977,0,0.967787,0,0,-0.251769,0,0,-0.509016,0,-2.32038,0,0,0,-0.0841874
1,0,0,0,1,0,0,0,1,0,0,0,0.971749,0,0,0.236017,0.968848,0,0,0.247657,1,0,0,0,1,0,0,0,0.998641,0.000217235,-0.0519416,0.00417198,0.99804,-0.00157289,0.0559093,0.0280579,0.575924,0,0,-0.817503,0.55951,0,0,-0.828823,0.347328,0,0,0.937744,0.358521,0,0,0.933522,1.25707,0.6,2.19892,1.49061,0.915897,-2.21738,3.76723,3.6934,2.27315,3.9803,4.0466,-2.31445,3.09806,8.67989,1.96166,3.19207,8.86961,-1.99701,0,12.2059,0,1.7588,15.3471,0,3.81073,19.0117,0,7.79058,20.2993,3.8,7.79226,20.376,-3.8,13.6872,20.0993,3.8,13.692,20.3176,-3.8,6.25351,23.3744,0,0,0,0,0,0,0,0,0,0,0,0,0.17056,0,0,0.17257,0,0,0,0,0,0,0.00684097,-0.00185408,0.131435,-0.00758998,0.001994,0.135405,0,0,-0.159459,0,0,-0.162785,0,0,0.0717616,0,0,0.069766,3.84187,13.6051,-0.00623932,1,0.967609,0,0,-0.252455,0,0,-0.510433,0,-1.17539,0,0,0,-0.0425246
1,0,0,0,1,0,0,0,1,0,0,0,0.972078,0,0,0.234659,0.969197,0,0,0.246287,1,0,0,0,1,0,0,0,0.998646,0.000161224,-0.0519265,0.00309578,0.998072,-0.00151078,0.0558936,0.0269498,0.576991,0,0,-0.81675,0.560615,0,0,-0.828076,0.347879,0,0,0.937539,0.359054,0,0,0.933317,1.25832,0.6,2.20089,1.49214,0.915238,-2.21951,3.76524,3.6971,2.27402,3.9786,4.04957,-2.31538,3.09594,8.69295,1.96152,3.1901,8.88227,-1.99686,0,12.2252,0,1.75661,15.3676,0,3.80599,19.0336,0,7.78463,20.315,3.8,7.78647,20.3917,-3.8,13.6808,20.1027,3.8,13.686,20.3206,-3.8,6.24572,23.398,0,0,0,0,0,0,0,0,0,0,0,0,-0.0838342,0,0,-0.0848231,0,0,0,0,0,0,-0.00336221,0.00091128,-0.0646017,0.00373029,-0.0009799,-0.0665511,0,0,0.0783777,0,0,0.0800192,0,0,-0.0352693,0,0,-0.0342894,3.83882,13.6203,-0.00624447,0,0.967697,0,0,-0.252118,0,0,-0.509736,0,0.578012,0,0,0,0.0209042
1,0,0,0,1,0,0,0,1,0,0,0,0.974947,0,0,0.222438,0.972247,0,0,0.233958,1,0,0,0,1,0,0,0,0.998636,-0.000342001,-0.0517899,-0.00657289,0.9983,-0.000952604,0.0557511,0.0169928,0.586537,0,0,-0.809923,0.570496,0,0,-0.821301,0.352826,0,0,0.935689,0.363842,0,0,0.931461,1.26918,0.608175,2.21866,1.50545,0.917484,-2.23876,3.74684,3.73837,2.2819,3.96272,4.08422,-2.32381,3.07649,8.81788,1.96032,3.17198,9.00362,-1.99549,0,12.4057,0,1.73691,15.559,0,3.7633,19.2378,0,7.73044,20.4638,3.8,7.7337,20.5395,-3.8,13.6216,20.1404,3.8,13.6308,20.3555,-3.8,6.17567,23.6173,0,0,0,0,0,0,0,0,0,0,0,0,-0.753191,0,0,-0.762016,0,0,0,0,0,0,-0.0302072,0.00818767,-0.580383,0.0335163,-0.00880547,-0.597879,0,0,0.704187,0,0,0.718853,0,0,-0.316887,0,0,-0.308082,3.81104,13.7639,-0.00629167,0,0.968481,0,0,-0.249088,0,0,-0.503477,0,5.41403,0,0,0,0.187782
1,0,0,0,1,0,0,0,1,0,0,0,0.979944,0,0,0.199272,0.977576,0,0,0.210582,1,0,0,0,1,0,0,0,0.998362,-0.00129193,-0.0515277,-0.0248242,0.998458,0.000101398,0.0554772,-0.00180898,0.604337,0,0,-0.796729,0.588925,0,0,-0.808187,0.362138,0,0,0.932125,0.372854,0,0,0.92789,1.28806,0.6,2.25256,1.52846,0.898117,-2.27553,3.70952,3.79179,2.29702,3.92971,4.12516,-2.34005,3.03804,9.02734,1.95813,3.13582,9.20634,-1.99299,0,12.7188,0,1.69952,15.8924,0,3.6823,19.5949,0,7.62457,20.7164,3.8,7.63039,20.7901,-3.8,13.5005,20.1836,3.8,13.517,20.3932,-3.8,6.04275,24.0026,0,0,0,0,0,0,0,0,0,0,0,0,-1.42195,0,0,-1.43862,0,0,0,0,0,0,-0.0570285,0.0154571,-1.09571,0.0632757,-0.0166241,-1.12874,0,0,1.32944,0,0,1.35714,0,0,-0.598247,0,0,-0.581632,3.75689,14.0079,-0.00638657,0,0.969936,0,0,-0.243361,0,0,-0.49166,0,9.39382,0,0,0,0.354518
1,0,0,0,1,0,0,0,1,0,0,0,0.986098,0,0,0.166164,0.984182,0,0,0.177159,1,0,0,0,1,0,0,0,0.997398,-0.00264095,-0.0511454,-0.0507435,0.998073,0.00159899,0.0550766,-0.0285237,0.629119,0,0,-0.777309,0.614593,0,0,-0.788845,0.375308,0,0,0.9269,0.3856,0,0,0.922666,1.31128,0.6,2.30139,1.55649,0.882242,-2.32861,3.65076,3.87731,2.31906,3.87606,4.19297,-2.36379,2.97958,9.33015,1.9552,3.08013,9.49957,-1.98964,0,13.1662,0,1.64599,16.3678,0,3.56632,20.1031,0,7.46612,21.0764,3.8,7.47537,21.1472,-3.8,13.3076,20.2473,3.8,13.3339,20.4487,-3.8,5.85243,24.5499,0,0,0,0,0,0,0,0,0,0,0,0,-2.02058,0,0,-2.04426,0,0,0,0,0,0,-0.0810367,0.0219648,-1.55699,0.089914,-0.0236227,-1.60393,0,0,1.88912,0,0,1.92848,0,0,-0.850103,0,0,-0.826485,3.67617,14.358,-0.00653411,0,0.971945,0,0,-0.235209,0,0,-0.474868,0,13.4205,0,0,0,0.503764
1,0,0,0,1,0,0,0,1,0,0,0,0.992266,0,0,0.124133,0.990886,0,0,0.134706,1,0,0,0,1,0,0,0,0.99522,-0.00434018,-0.0506471,-0.0833915,0.996566,0.00348654,0.0545528,-0.0621947,0.659489,0,0,-0.751714,0.646065,0,0,-0.763283,0.391814,0,0,0.920044,0.401575,0,0,0.915826,1.33463,0.6,2.36388,1.58416,0.862335,-2.39673,3.56726,3.98173,2.34765,3.79731,4.27517,-2.39471,2.89956,9.70093,1.95183,3.00281,9.85835,-1.98578,0,13.7144,0,1.57781,16.9503,0,3.41858,20.7254,0,7.25297,21.5128,3.8,7.26613,21.5798,-3.8,13.0297,20.3131,3.8,13.0671,20.5035,-3.8,5.60998,25.2196,0,0,0,0,0,0,0,0,0,0,0,0,-2.54907,0,0,-2.57894,0,0,0,0,0,0,-0.102232,0.0277097,-1.96423,0.113431,-0.0298016,-2.02344,0,0,2.38322,0,0,2.43287,0,0,-1.07245,0,0,-1.04266,3.5681,14.7856,-0.00674046,0,0.974382,0,0,-0.224901,0,0,-0.453683,0,16.4486,0,0,0,0.635526
1,0,0,0,1,0,0,0,1,0,0,0,0.997239,0,0,0.0742622,0.99644,0,0,0.0843055,1,0,0,0,1,0,0,0,0.991273,-0.00633885,-0.050037,-0.121793,0.993324,0.00570825,0.053909,-0.101827,0.69398,0,0,-0.719995,0.681826,0,0,-0.731514,0.411128,0,0,0.911578,0.420266,0,0,0.907401,1.3539,0.6,2.43843,1.60606,0.839145,-2.47827,3.45566,4.0998,2.38232,3.68897,4.36735,-2.43238,2.79643,10.1216,1.94831,2.90172,10.265,-1.98176,0,14.3371,0,1.49645,17.6114,0,3.2423,21.4313,0,6.98274,22.0021,3.8,6.99994,22.0642,-3.8,12.6529,20.3714,3.8,12.7018,20.5482,-3.8,5.3207,25.9789,0,0,0,0,0,0,0,0,0,0,0,0,-3.00741,0,0,-3.04265,0,0,0,0,0,0,-0.120614,0.0326919,-2.31741,0.133827,-0.0351597,-2.38727,0,0,2.81175,0,0,2.87032,0,0,-1.26529,0,0,-1.23014,3.43185,15.2694,-0.0070111,0,0.977116,0,0,-0.212708,0,0,-0.42869,0,18.6805,0,0,0,0.749799
1,0,0,0,1,0,0,0,1,0,0,0,0.999843,0,0,0.017736,0.999631,0,0,0.0271455,1,0,0,0,1,0,0,0,0.985034,-0.008584,-0.0493204,-0.16493,0.987766,0.00820573,0.0531499,-0.146378,0.731087,0,0,-0.682284,0.720325,0,0,-0.693637,0.432714,0,0,0.901531,0.441156,0,0,0.89743,1.36526,0.6,2.52301,1.61731,0.813536,-2.5711,3.31328,4.22622,2.42238,3.5473,4.46515,-2.4761,2.66905,10.5736,1.94498,2.77523,10.7015,-1.97794,0,15.0071,0,1.40347,18.3222,0,3.04084,22.1899,0,6.65381,22.5211,3.8,6.67478,22.5775,-3.8,12.1651,20.4151,3.8,12.2248,20.5757,-3.8,4.9901,26.7943,0,0,0,0,0,0,0,0,0,0,0,0,-3.39562,0,0,-3.43541,0,0,0,0,0,0,-0.136184,0.0369121,-2.61655,0.151102,-0.0396983,-2.69543,0,0,3.1747,0,0,3.24084,0,0,-1.42861,0,0,-1.38893,3.26698,15.7875,-0.00734834,0,0.98002,0,0,-0.1989,0,0,-0.400471,0,20.0979,0,0,0,0.846586
1,0,0,0,1,0,0,0,1,0,0,0,0.999025,0,0,-0.0441435,0.999371,0,0,-0.0354639,1,0,0,0,1,0,0,0,0.976058,-0.0110206,-0.0485042,-0.211745,0.979396,0.010918,0.052282,-0.194761,0.769323,0,0,-0.63886,0.76002,0,0,-0.6499,0.456041,0,0,0.889959,0.463733,0,0,0.885975,1.36565,0.6,2.61511,1.61397,0.786477,-2.6725,3.13863,4.35583,2.46684,3.36992,4.56446,-2.52484,2.5171,11.0388,1.94212,2.62257,11.1503,-1.97465,0,15.6973,0,1.3005,19.0542,0,2.81775,22.9706,0,6.26606,23.0479,3.8,6.2902,23.0979,-3.8,11.5582,20.4396,3.8,11.6269,20.582,-3.8,4.624,27.6329,0,0,0,0,0,0,0,0,0,0,0,0,-3.71369,0,0,-3.75721,0,0,0,0,0,0,-0.14894,0.0403695,-2.86165,0.165256,-0.0434169,-2.94791,0,0,3.47207,0,0,3.5444,0,0,-1.56243,0,0,-1.51903,3.07378,16.319,-0.00775032,0,0.982972,0,0,-0.183754,0,0,-0.369608,0,20.7082,0,0,0,0.925885
1,0,0,0,1,0,0,0,1,0,0,0,0.993936,0,0,-0.109962,0.994775,0,0,-0.102094,1,0,0,0,1,0,0,0,0.964027,-0.0135921,-0.0475983,-0.261153,0.96785,0.0137821,0.051315,-0.245852,0.807271,0,0,-0.590182,0.799439,0,0,-0.600747,0.480584,0,0,0.876949,0.487489,0,0,0.873129,1.353,0.6,2.71171,1.5934,0.758989,-2.77921,2.9318,4.48381,2.51444,3.15637,4.6616,-2.57726,2.34132,11.4998,1.93998,2.44418,11.5946,-1.97218,0,16.3823,0,1.18929,19.7802,0,2.5768,23.7443,0,5.82159,23.5627,3.8,5.84802,23.6059,-3.8,10.8296,20.4435,3.8,10.9048,20.5663,-3.8,4.2286,28.4636,0,0,0,0,0,0,0,0,0,0,0,0,-3.96162,0,0,-4.00804,0,0,0,0,0,0,-0.158883,0.0430647,-3.05269,0.176289,-0.0463155,-3.14472,0,0,3.70387,0,0,3.78104,0,0,-1.66674,0,0,-1.62045,2.85363,16.844,-0.00820978,0,0.985864,0,0,-0.167548,0,0,-0.336684,0,20.5484,0,0,0,0.987698
1,0,0,0,1,0,0,0,1,0,0,0,0.983991,0,0,-0.178218,0.985232,0,0,-0.171223,1,0,0,0,1,0,0,0,0.948782,-0.0162413,-0.0466149,-0.312052,0.952934,0.0167342,0.0502619,-0.298512,0.843633,0,0,-0.53692,0.837234,0,0,-0.546844,0.505832,0,0,0.862632,0.511931,0,0,0.859027,1.32638,0.6,2.80951,1.55445,0.732116,-2.88756,2.69468,4.60584,2.56369,2.90828,4.75338,-2.63172,2.14365,11.9409,1.93873,2.24186,12.0193,-1.97074,0,17.0385,0,1.07172,20.4752,0,2.32207,24.4848,0,5.32512,24.0487,3.8,5.35277,24.0848,-3.8,9.98378,20.4283,3.8,10.0624,20.531,-3.8,3.81057,29.2581,0,0,0,0,0,0,0,0,0,0,0,0,-4.13941,0,0,-4.18792,0,0,0,0,0,0,-0.166014,0.0449974,-3.18969,0.1842,-0.0483942,-3.28585,0,0,3.87009,0,0,3.95072,0,0,-1.74154,0,0,-1.69317,2.60909,17.3448,-0.0087141,0,0.9886,0,0,-0.150567,0,0,-0.302284,0,19.6859,0,0,0,1.03203
1,0,0,0,1,0,0,0,1,0,0,0,0.968922,0,0,-0.247365,0.970456,0,0,-0.24128,1,0,0,0,1,0,0,0,0.930343,-0.0189115,-0.0455694,-0.363356,0.934649,0.0197107,0.0491388,-0.351609,0.877293,0,0,-0.479955,0.87224,0,0,-0.489078,0.531294,0,0,0.847188,0.536584,0,0,0.843847,1.28603,0.6,2.90506,1.49748,0.706828,-2.99373,2.43098,4.71829,2.61295,2.62946,4.83724,-2.68638,1.92724,12.3486,1.93847,2.0188,12.4115,-1.97044,0,17.6457,0,0.949779,21.1182,0,2.05785,25.1694,0,4.78417,24.4922,3.8,4.81186,24.5212,-3.8,9.03253,20.3981,3.8,9.11126,20.4808,-3.8,3.37699,29.9922,0,0,0,0,0,0,0,0,0,0,0,0,-4.24706,0,0,-4.29683,0,0,0,0,0,0,-0.170332,0.0461677,-3.27265,0.18899,-0.0496526,-3.3713,0,0,3.97075,0,0,4.05348,0,0,-1.78684,0,0,-1.73721,2.34399,17.8063,-0.00924619,0,0.991103,0,0,-0.133098,0,0,-0.266988,0,18.2173,0,0,0,1.05886
1,0,0,0,1,0,0,0,1,0,0,0,0.948804,0,0,-0.315866,0.950508,0,0,-0.310701,1,0,0,0,1,0,0,0,0.908927,-0.0215482,-0.0444801,-0.414016,0.913199,0.0226503,0.0479653,-0.404046,0.907358,0,0,-0.420358,0.903522,0,0,-0.428541,0.556503,0,0,0.830846,0.561,0,0,0.827816,1.23328,0.6,2.99511,1.4243,0.683963,-3.09403,2.14615,4.81831,2.66054,2.32578,4.91128,-2.73939,1.69639,12.7123,1.93922,1.77948,12.761,-1.97129,0,18.1879,0,0.825559,21.6919,0,1.78871,25.78,0,4.20898,24.8831,3.8,4.23555,24.9055,-3.8,7.99485,20.3579,3.8,8.07042,20.4218,-3.8,2.93532,30.6468,0,0,0,0,0,0,0,0,0,0,0,0,-4.28457,0,0,-4.33477,0,0,0,0,0,0,-0.171835,0.0465752,-3.30155,0.19066,-0.0500911,-3.40107,0,0,4.00581,0,0,4.08927,0,0,-1.80261,0,0,-1.75254,2.06337,18.2168,-0.0097857,0,0.993315,0,0,-0.115433,0,0,-0.231381,0,16.265,0,0,0,1.06822
1,0,0,0,1,0,0,0,1,0,0,0,0.924057,0,0,-0.382254,0.925809,0,0,-0.377992,1,0,0,0,1,0,0,0,0.884943,-0.0241002,-0.0433675,-0.463049,0.889,0.0254954,0.0467637,-0.454799,0.933198,0,0,-0.359362,0.930419,0,0,-0.366498,0.581023,0,0,0.813887,0.584756,0,0,0.811209,1.17038,0.686157,3.07681,1.33791,0.75033,-3.18525,1.84706,4.99014,2.70494,2.00482,5.06048,-2.789,1.45635,13.1106,1.94088,1.52949,13.1469,-1.9732,0,18.7398,0,0.701249,22.2708,0,1.51937,26.3904,0,3.61215,25.3012,3.8,3.63657,25.3177,-3.8,6.89606,20.3996,3.8,6.96551,20.4466,-3.8,2.49333,31.2946,0,0,0,0,0,0,0,0,0,0,0,0,-4.25195,0,0,-4.30177,0,0,0,0,0,0,-0.170527,0.0462207,-3.27641,0.189208,-0.0497098,-3.37518,0,0,3.97531,0,0,4.05813,0,0,-1.78889,0,0,-1.7392,1.77332,18.6545,-0.0103113,0,0.9952,0,0,-0.0978655,0,0,-0.196045,0,16.5565,0,0,0,1.06008
1,0,0,0,1,0,0,0,1,0,0,0,0.895436,0,0,-0.445191,0.89712,0,0,-0.441788,1,0,0,0,1,0,0,0,0.858985,-0.0265212,-0.0422542,-0.509565,0.862661,0.0281939,0.0455588,-0.502936,0.954466,0,0,-0.298319,0.952565,0,0,-0.304336,0.604453,0,0,0.796641,0.607465,0,0,0.794346,1.10029,0.98679,3.148,1.24221,1.03465,-3.2649,1.54163,5.36112,2.74486,1.67544,5.41264,-2.83374,1.2131,13.6678,1.94331,1.27524,13.6938,-1.97599,0,19.4235,0,0.579099,22.9766,0,1.25472,27.1219,0,3.00809,25.8723,3.8,3.02953,25.8837,-3.8,5.76633,20.6567,3.8,5.8273,20.6893,-3.8,2.05902,32.0568,0,0,0,0,0,0,0,0,0,0,0,0,-4.14917,0,0,-4.1978,0,0,0,0,0,0,-0.166405,0.0451036,-3.19722,0.184635,-0.048508,-3.2936,0,0,3.87923,0,0,3.96005,0,0,-1.74565,0,0,-1.69717,1.48069,19.2435,-0.0108029,0,0.996739,0,0,-0.0806936,0,0,-0.161563,0,20.5118,0,0,0,1.03446
1,0,0,0,1,0,0,0,1,0,0,0,0.863988,0,0,-0.503512,0.865505,0,0,-0.5009,1,0,0,0,1,0,0,0,0.83181,-0.0287706,-0.041164,-0.552783,0.83497,0.0307002,0.0443768,-0.547644,0.971107,0,0,-0.238646,0.969896,0,0,-0.243518,0.626427,0,0,0.77948,0.628772,0,0,0.77759,1.02633,1.34181,3.20735,1.14164,1.37701,-3.33143,1.23844,5.77111,2.77939,1.34725,5.80782,-2.87253,0.973005,14.2233,1.94629,1.0236,14.2412,-1.97941,0,20.078,0,0.461392,23.6483,0,0.999682,27.8137,0,2.41235,26.4371,3.8,2.43023,26.4445,-3.8,4.63887,20.9734,3.8,4.68971,20.9943,-3.8,1.6405,32.7725,0,0,0,0,0,0,0,0,0,0,0,0,-3.97627,0,0,-4.02286,0,0,0,0,0,0,-0.159471,0.043224,-3.06398,0.176941,-0.0464869,-3.15635,0,0,3.71757,0,0,3.79502,0,0,-1.6729,0,0,-1.62643,1.19281,19.8235,-0.0112439,0,0.997936,0,0,-0.0642147,0,0,-0.128518,0,19.6359,0,0,0,0.991353
1,0,0,0,1,0,0,0,1,0,0,0,0.831008,0,0,-0.556261,0.832281,0,0,-0.554355,1,0,0,0,1,0,0,0,0.804314,-0.0308142,-0.040122,-0.592047,0.806857,0.0329758,0.0432452,-0.588239,0.983339,0,0,-0.181782,0.982639,0,0,-0.185526,0.646615,0,0,0.762816,0.648356,0,0,0.761337,0.952007,1.73634,3.25447,1.04085,1.76237,-3.38435,0.94625,6.20604,2.80803,1.03012,6.23184,-2.90479,0.742594,14.7649,1.94958,0.78163,14.7768,-1.98318,0,20.6925,0,0.350418,24.2754,0,0.759238,28.4554,0,1.84089,26.9847,3.8,1.85492,26.989,-3.8,3.54805,21.3371,3.8,3.58794,21.3493,-3.8,1.24593,33.4317,0,0,0,0,0,0,0,0,0,0,0,0,-3.73323,0,0,-3.77697,0,0,0,0,0,0,-0.149724,0.040582,-2.8767,0.166126,-0.0436453,-2.96342,0,0,3.49034,0,0,3.56306,0,0,-1.57065,0,0,-1.52702,0.917179,20.383,-0.0116224,0,0.998812,0,0,-0.048727,0,0,-0.0974926,0,18.4335,0,0,0,0.930757
1,0,0,0,1,0,0,0,1,0,0,0,0.797968,0,0,-0.602699,0.798946,0,0,-0.601403,1,0,0,0,1,0,0,0,0.777493,-0.0326241,-0.0391534,-0.626823,0.779366,0.03499,0.042192,-0.624167,0.991626,0,0,-0.129145,0.991274,0,0,-0.13182,0.664721,0,0,0.747092,0.665929,0,0,0.746015,0.880718,2.15105,3.28984,0.944321,2.1711,-3.42414,0.673662,6.64818,2.83074,0.733728,6.66664,-2.93042,0.528258,15.2792,1.95293,0.556231,15.287,-1.98703,0,21.256,0,0.248455,24.8474,0,0.538319,29.0374,0,1.30945,27.5025,3.8,1.31961,27.5047,-3.8,2.52763,21.7296,3.8,2.55653,21.7358,-3.8,0.883394,34.0254,0,0,0,0,0,0,0,0,0,0,0,0,-3.42004,0,0,-3.46012,0,0,0,0,0,0,-0.137163,0.0371774,-2.63537,0.152189,-0.0399837,-2.71481,0,0,3.19753,0,0,3.26414,0,0,-1.43889,0,0,-1.39893,0.661176,20.9092,-0.0119327,0,0.999404,0,0,-0.0345282,0,0,-0.0690701,0,16.9043,0,0,0,0.852674
1,0,0,0,1,0,0,0,1,0,0,0,0.766456,0,0,-0.642297,0.767117,0,0,-0.641507,1,0,0,0,1,0,0,0,0.752415,-0.0341785,-0.0382833,-0.656687,0.75361,0.0367183,0.041245,-0.654998,0.996625,0,0,-0.0820947,0.996482,0,0,-0.083801,0.680477,0,0,0.732769,0.68123,0,0,0.73207,0.815537,2.56317,3.31469,0.856166,2.57986,-3.45217,0.428782,7.07695,2.84786,0.467155,7.09104,-2.94979,0.336071,15.7512,1.95612,0.353946,15.7566,-1.99068,0,21.7576,0,0.157749,25.3541,0,0.341789,29.5501,0,0.83301,27.9764,3.8,0.839547,27.9772,-3.8,1.60943,22.1277,3.8,1.62802,22.1302,-3.8,0.560885,34.5453,0,0,0,0,0,0,0,0,0,0,0,0,-3.03672,0,0,-3.07231,0,0,0,0,0,0,-0.12179,0.0330106,-2.34,0.135131,-0.0355026,-2.41054,0,0,2.83915,0,0,2.8983,0,0,-1.27761,0,0,-1.24213,0.431853,21.3884,-0.0121745,0,0.99976,0,0,-0.0219148,0,0,-0.0438332,0,15.0485,0,0,0,0.757107
1,0,0,0,1,0,0,0,1,0,0,0,0.7381,0,0,-0.674691,0.738455,0,0,-0.674303,1,0,0,0,1,0,0,0,0.730176,-0.0354598,-0.0375366,-0.681305,0.730738,0.0381418,0.0404315,-0.680392,0.999121,0,0,-0.0419216,0.999084,0,0,-0.0427945,0.693638,0,0,0.720324,0.694016,0,0,0.71996,0.759176,2.9476,3.33084,0.779986,2.9629,-3.47042,0.219102,7.46982,2.86005,0.238754,7.4818,-2.96362,0.171684,16.1654,1.95895,0.180839,16.1696,-1.99392,0,22.1864,0,0.0805068,25.7855,0,0.174431,29.9845,0,0.425536,28.3913,3.8,0.428893,28.3916,-3.8,0.822539,22.5047,3.8,0.832085,22.5054,-3.8,0.286246,34.9832,0,0,0,0,0,0,0,0,0,0,0,0,-2.58325,0,0,-2.61353,0,0,0,0,0,0,-0.103604,0.0280814,-1.99057,0.114953,-0.030201,-2.05058,0,0,2.4152,0,0,2.46551,0,0,-1.08683,0,0,-1.05664,0.235809,21.8061,-0.0123525,0,0.999937,0,0,-0.0111822,0,0,-0.0223649,0,12.8661,0,0,0,0.64405
1,0,0,0,1,0,0,0,1,0,0,0,0.714509,0,0,-0.699626,0.714596,0,0,-0.699537,1,0,0,0,1,0,0,0,0.711865,-0.0364534,-0.0369374,-0.700396,0.711885,0.0392449,0.0397783,-0.700069,0.999952,0,0,-0.00983938,0.99995,0,0,-0.0100444,0.703969,0,0,0.710231,0.704056,0,0,0.710144,0.713887,3.27832,3.34036,0.718794,3.29349,-3.48121,0.0514241,7.8035,2.86814,0.0560551,7.81488,-2.97282,0.0402971,16.5059,1.96125,0.0424528,16.5098,-1.99655,0,22.5317,0,0.0188923,26.1316,0,0.0409334,30.3316,0,0.0998907,28.7319,3.8,0.100683,28.732,-3.8,0.193112,22.8327,3.8,0.195365,22.8327,-3.8,0.0671727,35.3315,0,0,0,0,0,0,0,0,0,0,0,0,-2.05967,0,0,-2.08379,0,0,0,0,0,0,-0.0826042,0.0223895,-1.58711,0.0916533,-0.0240798,-1.63495,0,0,1.92566,0,0,1.96578,0,0,-0.866547,0,0,-0.842478,0.0791598,22.1478,-0.012475,1,0.999997,0,0,-0.00262394,0,0,-0.00524789,0,10.3572,0,0,0,0.513509
